time(s),Acceleration(g),Voltage(V),Current(kA)
0.01,-0.017962,-0.010766,-0.0057844
0.010078,-0.094246,0.022769,0.0017702
0.010156,-0.10397,-0.086215,-0.0081539
0.010234,-0.10359,0.16599,0.005673
0.010313,-0.10322,-0.9258,-0.033911
0.010391,-0.10472,-2.1448,-0.27447
0.010469,0.010083,-1.7729,-0.53352
0.010547,-0.015719,-1.7191,-0.74691
0.010625,-0.04339,-1.7296,-0.96419
0.010703,0.17237,-1.6657,-1.1474
0.010781,0.1346,-1.7224,-1.3171
0.010859,0.20677,-1.6548,-1.4618
0.010938,0.36645,-1.6944,-1.5867
0.011016,0.30736,-1.673,-1.6953
0.011094,0.42366,-1.699,-1.7865
0.011172,0.48199,-1.6913,-1.8657
0.01125,0.50443,-1.6725,-1.9258
0.011328,0.5867,-1.6762,-1.9748
0.011406,0.52986,-1.64,-2.0109
0.011484,0.18546,-1.6145,-2.0366
0.011562,-0.058348,-1.55,-2.0508
0.011641,0.25015,-1.5104,-2.0501
0.011719,0.17312,-1.4738,-2.0413
0.011797,-0.22737,-1.3882,-2.022
0.011875,-0.31599,-1.3301,-1.9932
0.011953,-0.28458,-1.2707,-1.9588
0.012031,-0.074801,-1.1698,-1.9151
0.012109,0.054956,-1.0775,-1.8621
0.012188,0.16602,-0.99524,-1.8024
0.012266,0.15405,-0.89859,-1.736
0.012344,0.068417,-0.80748,-1.6624
0.012422,0.075148,-0.69655,-1.5813
0.0125,-0.12192,-0.5831,-1.4919
0.012578,-0.1537,-0.48294,-1.3986
0.012656,-0.18287,-0.3734,-1.301
0.012734,-0.36872,-0.27966,-1.2007
0.012813,-0.534,-0.12865,-1.0931
0.012891,-0.74826,-0.0094166,-0.97677
0.012969,-0.79987,0.15561,-0.85315
0.013047,-0.81146,0.28404,-0.71808
0.013125,-0.74452,0.39083,-0.58441
0.013203,-0.57401,0.55665,-0.44063
0.013281,-0.55606,0.60086,-0.3031
0.013359,-0.4981,0.90587,-0.15184
0.013437,-0.39676,0.60921,-0.01079
0.013516,-0.313,-0.054911,0.0088823
0.013594,-0.15632,0.038473,-0.006688
0.013672,-0.016841,0.035163,0.0010166
0.01375,0.13086,0.00092317,-0.0040785
0.013828,0.13012,0.035538,-0.0010267
0.013906,0.078514,-0.0093116,-0.002129
0.013984,0.076644,0.030405,-0.0019115
0.014063,-0.060591,0.001418,-0.00098922
0.014141,-0.011232,0.014877,-0.002144
0.014219,0.074774,0.0079863,-0.000873
0.014297,0.01831,0.004226,-0.0015478
0.014375,0.05346,0.0066891,-0.00053557
0.014453,0.064304,-0.0026496,-0.00093673
0.014531,0.14956,0.010663,-0.00051683
0.014609,0.27259,0.0028464,-8.9423e-05
0.014688,0.42328,0.006183,-0.00034812
0.014766,0.60128,0.0054895,0.00015802
0.014844,0.62259,0.0028352,0.00014677
0.014922,0.68168,0.0047884,0.00055918
0.015,0.67008,0.0037087,0.00082537
0.015078,0.54407,0.0059581,0.00096784
0.015156,0.46442,0.0036412,0.0013877
0.015234,0.37355,0.0023328,0.0013877
0.015312,0.2868,0.0019954,0.0014402
0.015391,0.1432,-0.0023497,0.0014477
0.015469,0.02878,0.00044704,0.0013877
0.015547,-0.095742,0.0020929,0.0015115
0.015625,-0.24158,-0.0029983,0.001519
0.015703,-0.24382,-0.0014724,0.0015827
0.015781,-0.25803,0.0019766,0.0013203
0.015859,-0.27112,0.00043205,0.001444
0.015938,-0.24158,-0.00073015,0.0015677
0.016016,-0.26364,0.0024565,0.0015115
0.016094,-0.26813,0.0054857,0.0025237
0.016172,-0.2584,0.0032775,0.0030036
0.01625,-0.25728,0.005332,0.003461
0.016328,-0.23784,0.0040198,0.0043833
0.016406,-0.19783,0.0011331,0.0044133
0.016484,-0.19708,0.003345,0.0053694
0.016563,-0.26102,-0.0018886,0.0054106
0.016641,-0.28869,0.010303,0.0059617
0.016719,-0.28196,-0.0059338,0.0064679
0.016797,-0.28795,0.008095,0.005958
0.016875,-0.21353,0.0046647,0.0076114
0.016953,-0.10546,-0.0052852,0.0059842
0.017031,-0.068818,0.01782,0.0083799
0.017109,-1.3407e-05,-0.024356,0.006824
0.017188,0.083749,0.036186,0.0079338
0.017266,0.16153,-0.034651,0.0086349
0.017344,0.27221,0.030702,0.0058942
0.017422,0.32643,-0.010418,0.011743
0.0175,0.39075,-0.017346,0.0027412
0.017578,0.39748,0.076541,0.016283
0.017656,0.35186,-0.20915,-0.004461
0.017734,0.34924,1.3436,0.063913
0.017813,0.30886,2.7499,0.39544
0.017891,0.39711,2.2082,0.74267
0.017969,0.4001,2.2418,1.0399
0.018047,0.48536,2.2931,1.3471
0.018125,0.72655,2.2604,1.6208
0.018203,0.70523,2.3592,1.8836
0.018281,0.92399,2.337,2.1212
0.018359,1.0272,2.4549,2.3436
0.018437,1.0665,2.4804,2.5487
0.018516,1.351,2.547,2.7328
0.018594,1.2153,2.5778,2.9007
0.018672,1.0392,2.5995,3.0479
0.01875,0.87538,2.6351,3.1842
0.018828,0.67382,2.6294,3.3051
0.018906,0.44011,2.6295,3.4121
0.018984,0.14283,2.5938,3.5048
0.019062,-0.0576,2.5214,3.583
0.019141,-0.27748,2.463,3.649
0.019219,-0.37993,2.4009,3.7023
0.019297,-0.56952,2.3097,3.7449
0.019375,-0.68544,2.2333,3.775
0.019453,-0.52315,2.1716,3.7927
0.019531,-0.356,2.1102,3.7999
0.019609,-0.22288,2.0255,3.7978
0.019688,-0.21391,1.9542,3.7875
0.019766,-0.25691,1.8791,3.7671
0.019844,-0.27822,1.7901,3.7382
0.019922,-0.37956,1.6959,3.7002
