T [sec],t [sec],a_x [m/s2],a_y [m/s2],a_z [m/s2]
0.0009725093841552734,0.0009772777557373047,0.392266,0.0,9.022118
0.0009388923645019531,0.001918792724609375,-0.0784532,-0.6276256,10.6696352
0.0009286403656005859,0.0028486251831054688,0.0,0.0,10.198916
0.0009298324584960938,0.0037796497344970703,-0.0784532,-0.4707192,9.2574776
0.0009288787841796875,0.004709720611572266,0.0,-0.6276256,9.9635564
0.0009253025054931641,0.005636453628540039,0.0,0.0784532,9.7281968
0.000926971435546875,0.00656437873840332,0.0,-0.8629851999999999,9.649743599999999
0.0009250640869140625,0.007490396499633789,0.0,0.7060788,8.7867584
0.0009264945983886719,0.008417844772338867,0.0,0.0,10.198916
0.0009250640869140625,0.009344100952148438,0.0,-0.3138128,9.492837199999999
0.0009257793426513672,0.010270833969116211,0.0,0.1569064,9.414383999999998
0.0009248256683349609,0.01119685173034668,0.5491724,0.0,10.277369199999999
0.0009255409240722656,0.012123584747314453,0.0,0.4707192,9.571290399999999
0.0009238719940185547,0.013048410415649414,-0.0784532,-0.3138128,10.7480884
0.0009229183197021484,0.01397252082824707,0.1569064,-0.0784532,9.2574776
0.0009238719940185547,0.014897584915161133,0.392266,-0.1569064,9.1005712
0.0009276866912841797,0.01582646369934082,1.1767979999999998,-0.0784532,10.0420096
0.0009303092956542969,0.016758441925048828,0.8629851999999999,0.0,9.571290399999999
0.0009391307830810547,0.01769852638244629,0.0,-0.8629851999999999,9.3359308
0.0009317398071289062,0.018631458282470703,0.0,-0.5491724,9.8851032
0.0009281635284423828,0.019560575485229492,0.1569064,0.0,10.0420096
0.0009298324584960938,0.02049112319946289,0.0,0.5491724,9.1005712
0.0009276866912841797,0.021419763565063477,0.784532,0.3138128,9.022118
0.0009276866912841797,0.02234816551208496,-0.3138128,-0.2353596,10.983448000000001
0.0009291172027587891,0.023278474807739258,-0.5491724,-0.2353596,9.649743599999999
0.0009284019470214844,0.02420830726623535,0.1569064,0.3138128,9.8851032
0.0009276866912841797,0.025136947631835938,-0.1569064,-0.9414384,9.649743599999999
0.0009279251098632812,0.026079177856445312,0.0784532,0.2353596,9.8851032
0.0009291172027587891,0.02700972557067871,0.0784532,0.2353596,10.0420096
0.0009286403656005859,0.027939319610595703,0.5491724,-0.1569064,9.1790244
0.0009248256683349609,0.028865337371826172,0.0,-0.7060788,9.9635564
0.0009238719940185547,0.029790401458740234,0.2353596,0.0,9.3359308
0.0009255409240722656,0.030716896057128906,0.2353596,0.2353596,10.0420096
0.0009245872497558594,0.031642913818359375,-0.0784532,-0.7060788,10.8265416
0.0009310245513916016,0.032587289810180664,-0.1569064,-0.2353596,10.3558224
0.0009281635284423828,0.03351616859436035,0.0,-0.392266,9.7281968
0.0009272098541259766,0.034444332122802734,0.3138128,0.4707192,9.571290399999999
0.0009274482727050781,0.03537321090698242,-0.3138128,-0.784532,9.9635564
0.0009284019470214844,0.03630232810974121,1.1767979999999998,-0.0784532,9.414383999999998
0.0009262561798095703,0.03723001480102539,0.0,0.0,10.4342756
0.0009281635284423828,0.03815937042236328,0.0,0.4707192,9.414383999999998
0.0009276866912841797,0.03908848762512207,0.0,-0.4707192,9.1790244
0.0009279251098632812,0.04001760482788086,0.0,0.0,10.7480884
0.0009264945983886719,0.04094529151916504,0.0,0.2353596,9.3359308
0.0009272098541259766,0.04187321662902832,0.0,-0.8629851999999999,10.9049948
0.000926971435546875,0.0428011417388916,0.2353596,0.6276256,10.0420096
0.0009276866912841797,0.04373002052307129,-0.0784532,-0.4707192,10.591182
0.0009233951568603516,0.04465436935424805,0.0,-0.392266,9.492837199999999
0.0009238719940185547,0.04557943344116211,0.0,0.0,9.492837199999999
0.0009229183197021484,0.046503305435180664,0.4707192,0.0,8.7083052
0.0009238719940185547,0.047428131103515625,0.0,0.4707192,10.0420096
0.0009305477142333984,0.04836010932922363,0.0,0.0,10.0420096
0.0009319782257080078,0.04929327964782715,0.5491724,0.5491724,9.571290399999999
0.0009331703186035156,0.050228118896484375,0.0784532,0.392266,10.0420096
0.0009276866912841797,0.05115675926208496,0.0,0.0,10.5127288
0.0009336471557617188,0.052091360092163086,0.784532,-0.0784532,9.1005712
0.0009279251098632812,0.053020477294921875,0.0784532,0.5491724,9.7281968
0.0009274482727050781,0.05394911766052246,0.0,-0.784532,9.649743599999999
0.0009264945983886719,0.05487656593322754,0.1569064,-0.3138128,9.571290399999999
0.0009274482727050781,0.055805206298828125,0.0,0.4707192,9.80665
0.0009264945983886719,0.0567326545715332,-0.0784532,-0.3138128,9.571290399999999
0.000926971435546875,0.057660818099975586,0.7060788,-0.392266,9.7281968
0.0009267330169677734,0.058588504791259766,0.0,-0.4707192,10.0420096
0.0009267330169677734,0.059516191482543945,0.0,-0.0784532,10.0420096
0.0009305477142333984,0.060448646545410156,-0.3138128,-0.8629851999999999,9.3359308
0.0009253025054931641,0.06137585639953613,0.6276256,0.0,10.1204628
0.0009233951568603516,0.06229996681213379,0.1569064,0.3138128,9.414383999999998
0.0009236335754394531,0.06322455406188965,0.2353596,0.5491724,9.414383999999998
0.0009274482727050781,0.06415343284606934,0.0,0.0,10.3558224
0.0009286403656005859,0.06508302688598633,0.2353596,-0.0784532,10.0420096
0.0009264945983886719,0.06601071357727051,-0.0784532,0.0,9.9635564
0.0009267330169677734,0.06693840026855469,0.1569064,-0.4707192,9.80665
0.0009279251098632812,0.06786727905273438,0.0784532,0.392266,10.0420096
0.0009260177612304688,0.06879425048828125,-0.3138128,-0.8629851999999999,9.9635564
0.0009264945983886719,0.06972193717956543,0.8629851999999999,-0.0784532,9.571290399999999
0.0009262561798095703,0.0706489086151123,0.0,0.0,9.9635564
0.0009312629699707031,0.07158184051513672,0.2353596,0.3138128,9.1790244
0.0009276866912841797,0.07251143455505371,0.5491724,0.8629851999999999,8.7867584
0.0009272098541259766,0.0734398365020752,0.3138128,0.0,10.591182
0.0009284019470214844,0.07437658309936523,0.2353596,0.392266,9.7281968
0.0009274482727050781,0.07530498504638672,0.0,-0.8629851999999999,9.8851032
0.000926971435546875,0.0762331485748291,0.0,0.0,9.7281968
0.00092315673828125,0.07715725898742676,0.2353596,0.392266,9.1005712
0.0009236335754394531,0.07808184623718262,0.0,0.0,10.0420096
0.0009236335754394531,0.07900619506835938,-0.5491724,-0.7060788,10.7480884
0.0009267330169677734,0.07993435859680176,-0.3138128,-0.9414384,9.9635564
0.0009300708770751953,0.08086514472961426,0.5491724,0.1569064,10.1204628
0.000926971435546875,0.08179306983947754,0.6276256,-0.3138128,10.0420096
0.000926971435546875,0.08272099494934082,-0.7060788,-0.5491724,9.9635564
0.0009427070617675781,0.0836648941040039,0.7060788,0.0784532,8.9436648
0.0009298324584960938,0.08459639549255371,0.0,0.0,10.5127288
0.0009272098541259766,0.08552432060241699,0.3138128,0.4707192,8.7867584
0.0009315013885498047,0.0864572525024414,0.1569064,-0.8629851999999999,10.591182
0.0009267330169677734,0.08738517761230469,0.0,-0.4707192,9.9635564
0.0009279251098632812,0.08831429481506348,0.0,-0.4707192,9.7281968
0.0009262561798095703,0.08924150466918945,0.392266,0.4707192,9.492837199999999
0.000926971435546875,0.09016942977905273,0.0,-1.0198916,9.9635564
0.0009264945983886719,0.09109687805175781,0.4707192,-0.0784532,8.9436648
0.0009267330169677734,0.09202456474304199,0.0,0.0,9.9635564
0.0009238719940185547,0.09294962882995605,0.1569064,0.3138128,9.1790244
0.0009233951568603516,0.09387397766113281,0.5491724,0.1569064,10.0420096
0.0009233951568603516,0.09479832649230957,-0.392266,-0.0784532,9.8851032
0.000926971435546875,0.09572649002075195,0.0,-0.392266,10.591182
0.0009274482727050781,0.09665489196777344,0.2353596,0.1569064,9.571290399999999
0.0009365081787109375,0.09759211540222168,0.0,-1.0198916,10.7480884
0.0009267330169677734,0.09851980209350586,-0.1569064,0.1569064,10.0420096
0.000926971435546875,0.09944796562194824,0.0784532,-0.7060788,10.4342756
0.0009276866912841797,0.10037660598754883,0.0,-0.8629851999999999,9.8851032
0.0009298324584960938,0.10130834579467773,0.2353596,0.2353596,10.1204628
0.0009272098541259766,0.10223698616027832,0.784532,-0.1569064,9.022118
0.0009262561798095703,0.1031641960144043,0.0,0.0,9.9635564
0.0009276866912841797,0.10409283638000488,0.1569064,-0.1569064,9.3359308
0.0009260177612304688,0.10501980781555176,-0.392266,0.0,10.5127288
0.0009267330169677734,0.10594749450683594,0.0,0.0,9.1790244
0.0009264945983886719,0.10687470436096191,0.0,0.0,10.198916
0.0009291172027587891,0.10780477523803711,0.4707192,0.0,8.8652116
0.0009236335754394531,0.10872912406921387,0.0,-0.7060788,10.6696352
0.0009253025054931641,0.10965561866760254,0.5491724,0.0,10.198916
0.0009310245513916016,0.11058735847473145,-0.3138128,-0.2353596,10.9049948
0.0009279251098632812,0.11151623725891113,0.0,-0.5491724,9.414383999999998
0.0009279251098632812,0.11244535446166992,0.4707192,-0.0784532,9.571290399999999
0.0009267330169677734,0.1133732795715332,-0.6276256,-0.8629851999999999,10.277369199999999
0.0009267330169677734,0.11430096626281738,0.392266,-0.0784532,9.1790244
0.0009264945983886719,0.11522865295410156,0.0,0.0,10.7480884
0.0009274482727050781,0.11615729331970215,0.5491724,-0.1569064,10.0420096
0.0009262561798095703,0.11708450317382812,-0.0784532,-0.392266,10.1204628
0.0009267330169677734,0.1180121898651123,0.0784532,0.0,9.1790244
0.0009262561798095703,0.11893916130065918,-0.8629851999999999,-0.8629851999999999,10.591182
0.0009303092956542969,0.11987161636352539,0.0,-0.1569064,8.7083052
0.0009245872497558594,0.1208040714263916,0.0784532,0.7060788,9.022118
0.0009245872497558594,0.12173008918762207,0.0,-0.2353596,9.3359308
0.0009243488311767578,0.12265563011169434,0.0,0.0,9.8851032
0.0009236335754394531,0.1235802173614502,0.5491724,-0.1569064,8.8652116
0.0009288787841796875,0.12451004981994629,0.3138128,-0.0784532,9.571290399999999
0.0009276866912841797,0.12543916702270508,-0.1569064,-0.5491724,9.649743599999999
0.000926971435546875,0.12636709213256836,0.2353596,0.0784532,9.9635564
0.0009267330169677734,0.12729501724243164,0.4707192,-0.3138128,9.649743599999999
0.0009274482727050781,0.12822389602661133,0.0784532,0.2353596,10.0420096
0.0009262561798095703,0.1291511058807373,0.2353596,0.0,9.3359308
0.000926971435546875,0.13007903099060059,-0.4707192,-0.5491724,10.591182
0.000926971435546875,0.13100695610046387,0.0,-0.3138128,8.7083052
0.0009274482727050781,0.13193559646606445,0.1569064,-0.6276256,10.4342756
0.0009257793426513672,0.13286232948303223,0.0,0.3138128,10.0420096
0.0009264945983886719,0.1337897777557373,0.4707192,-0.1569064,10.0420096
0.0009264945983886719,0.13471722602844238,0.0784532,0.0784532,9.414383999999998
0.0009353160858154297,0.13565349578857422,0.0,-0.3138128,9.649743599999999
0.0009257793426513672,0.1365804672241211,0.2353596,1.0983448,9.571290399999999
0.0009236335754394531,0.13750505447387695,0.0,0.0,9.9635564
0.0009276866912841797,0.13843464851379395,0.0,-0.7060788,10.591182
0.0009248256683349609,0.13936090469360352,0.0784532,-0.392266,10.6696352
0.0009272098541259766,0.140289306640625,0.0784532,-0.2353596,9.9635564
0.0009291172027587891,0.1412191390991211,-0.7060788,-0.392266,10.4342756
0.0009264945983886719,0.14214658737182617,0.0,0.0,8.8652116
0.0009262561798095703,0.14307355880737305,0.2353596,-0.6276256,10.277369199999999
0.0009310245513916016,0.14400553703308105,0.0,0.392266,10.0420096
0.000934600830078125,0.1449413299560547,0.0784532,-0.7060788,9.492837199999999
0.0009291172027587891,0.14587116241455078,-0.3138128,-0.8629851999999999,9.9635564
0.0009272098541259766,0.14679932594299316,0.8629851999999999,-0.0784532,10.0420096
0.0009274482727050781,0.14772796630859375,0.0,-0.6276256,10.591182
0.0009264945983886719,0.14865541458129883,0.0,0.2353596,9.7281968
0.0009272098541259766,0.1495838165283203,0.0,-1.2552512,9.9635564
0.0009272098541259766,0.1505117416381836,0.0,0.4707192,9.1005712
0.0009260177612304688,0.15143895149230957,0.0,-0.3138128,10.198916
0.0009245872497558594,0.15236425399780273,0.0,0.6276256,9.414383999999998
0.0009241104125976562,0.1532895565032959,0.0,-0.7060788,10.3558224
0.0009236335754394531,0.15421414375305176,0.8629851999999999,0.0,10.3558224
0.0009229183197021484,0.15513849258422852,0.0,0.5491724,9.2574776
0.0009264945983886719,0.1560659408569336,0.0,-0.5491724,10.0420096
0.0009279251098632812,0.15699505805969238,0.2353596,-0.1569064,9.2574776
0.0009274482727050781,0.15792322158813477,0.0784532,0.0,10.591182
0.0009267330169677734,0.15885114669799805,0.3138128,0.0784532,10.0420096
0.0009267330169677734,0.15977883338928223,0.0,0.0,10.1204628
0.0009303092956542969,0.16071105003356934,0.3138128,-0.6276256,9.80665
0.0009274482727050781,0.16164016723632812,0.4707192,0.3138128,9.3359308
0.0009264945983886719,0.1625680923461914,0.0,0.0,9.9635564
0.000926971435546875,0.16349577903747559,1.0198916,0.0,9.1005712
0.0009264945983886719,0.16442322731018066,-0.2353596,-0.7060788,10.8265416
0.000926971435546875,0.16535115242004395,0.0,-0.4707192,9.022118
0.0009260177612304688,0.16627860069274902,0.7060788,0.0,9.492837199999999
0.0009267330169677734,0.1672062873840332,0.0,0.0,10.0420096
0.0009267330169677734,0.16813397407531738,0.1569064,-0.1569064,9.2574776
0.0009238719940185547,0.16906428337097168,0.1569064,-0.0784532,10.0420096
0.0009236335754394531,0.16998863220214844,0.392266,0.0,10.0420096
0.0009233951568603516,0.1709134578704834,0.2353596,-0.0784532,9.571290399999999
0.0009260177612304688,0.17184066772460938,-0.5491724,0.0784532,9.8851032
0.0009272098541259766,0.17276883125305176,0.3138128,-0.5491724,9.3359308
0.0009272098541259766,0.17369675636291504,0.0,0.3138128,9.7281968
0.0009264945983886719,0.17462468147277832,0.0,-0.1569064,9.649743599999999
0.0009262561798095703,0.1755516529083252,0.0,0.0,9.9635564
0.0009286403656005859,0.1764812469482422,0.8629851999999999,0.0,9.649743599999999
0.0009291172027587891,0.17741155624389648,0.0784532,-0.6276256,9.9635564
0.0009262561798095703,0.17833900451660156,0.0,-0.7060788,9.571290399999999
0.0009264945983886719,0.17926669120788574,0.392266,0.392266,9.649743599999999
0.0009284019470214844,0.18019628524780273,-0.6276256,-0.7060788,10.277369199999999
0.0009253025054931641,0.1811225414276123,1.1767979999999998,-0.0784532,9.1790244
0.0009260177612304688,0.18204998970031738,0.0,0.0,9.9635564
0.0009264945983886719,0.18297743797302246,0.1569064,-0.2353596,10.0420096
0.0009260177612304688,0.18390440940856934,0.0784532,0.0,10.0420096
0.0009267330169677734,0.18483233451843262,0.0,-0.9414384,9.9635564
0.0009267330169677734,0.1857597827911377,0.0,0.0,9.1790244
0.0009317398071289062,0.1866929531097412,-0.6276256,-1.0198916,10.277369199999999
0.0009272098541259766,0.1876218318939209,0.8629851999999999,0.0,9.649743599999999
0.0009253025054931641,0.18854808807373047,0.0,-0.0784532,10.3558224
0.0009233951568603516,0.18947267532348633,-0.1569064,-0.2353596,9.9635564
0.0009233951568603516,0.1903972625732422,0.0,-0.392266,9.571290399999999
0.0009233951568603516,0.19132161140441895,0.0,0.0,9.7281968
0.0009331703186035156,0.19225597381591797,0.1569064,0.2353596,9.8851032
0.0009272098541259766,0.19318413734436035,-0.392266,-1.0198916,9.9635564
0.0009274482727050781,0.19411277770996094,0.8629851999999999,0.2353596,9.571290399999999
0.000926971435546875,0.19504070281982422,0.0,-0.6276256,10.591182
0.0009272098541259766,0.1959688663482666,0.392266,-0.0784532,9.414383999999998
0.0009260177612304688,0.19689583778381348,0.0,-0.392266,9.9635564
0.0009264945983886719,0.19782352447509766,0.2353596,0.5491724,9.414383999999998
0.0009267330169677734,0.19875121116638184,-0.3138128,-0.9414384,10.591182
0.0009272098541259766,0.19967961311340332,-0.3138128,-0.7060788,9.1005712
0.0009255409240722656,0.200606107711792,0.6276256,0.0,9.492837199999999
0.0009260177612304688,0.20153331756591797,0.0,0.0,9.9635564
0.0009291172027587891,0.20246362686157227,-0.0784532,-0.3138128,9.3359308
0.0009286403656005859,0.20339345932006836,0.0,-0.3138128,9.80665
0.0009272098541259766,0.20432186126708984,-0.3138128,0.0,10.3558224
0.0009274482727050781,0.20525002479553223,-0.0784532,-0.6276256,9.492837199999999
0.0009267330169677734,0.2061779499053955,0.0,0.4707192,9.8851032
0.0009272098541259766,0.2071061134338379,-0.0784532,0.0,10.277369199999999
0.000926971435546875,0.20803403854370117,0.2353596,-0.0784532,10.198916
0.0009264945983886719,0.20896196365356445,1.1767979999999998,0.0,9.1790244
0.000926971435546875,0.20988988876342773,0.0,-0.7060788,10.7480884
0.0009264945983886719,0.2108170986175537,0.0,0.0,9.3359308
0.0009276866912841797,0.2117462158203125,0.1569064,-0.4707192,9.80665
0.00092315673828125,0.21267008781433105,0.0,0.4707192,9.649743599999999
0.0009238719940185547,0.21359467506408691,-0.7060788,0.0,10.1204628
0.0009236335754394531,0.21451926231384277,-0.4707192,-0.784532,9.9635564
0.0009238719940185547,0.21544933319091797,-0.3138128,-0.6276256,9.9635564
0.0009317398071289062,0.2163839340209961,0.0,0.0,9.9635564
0.0009274482727050781,0.21731328964233398,0.0,-1.0198916,9.3359308
0.0009264945983886719,0.21824121475219727,0.0784532,0.784532,9.414383999999998
0.0009267330169677734,0.21916866302490234,0.0,-0.7060788,9.9635564
0.0009272098541259766,0.22009658813476562,0.0,0.5491724,9.571290399999999
0.0009260177612304688,0.2210235595703125,0.0784532,-0.8629851999999999,10.4342756
0.000926971435546875,0.22195148468017578,0.0784532,0.4707192,10.0420096
0.0009257793426513672,0.22287845611572266,0.0,-0.5491724,9.9635564
0.0009264945983886719,0.22380638122558594,0.0,-0.392266,9.571290399999999
0.0009317398071289062,0.22473907470703125,0.3138128,0.3138128,9.3359308
0.000985860824584961,0.22572684288024902,0.8629851999999999,0.0,9.8851032
0.0009849071502685547,0.2267131805419922,0.0784532,-0.0784532,10.0420096
0.0009579658508300781,0.22767233848571777,0.0,-0.9414384,10.9049948
0.0009882450103759766,0.22866177558898926,-0.0784532,-0.5491724,9.649743599999999
0.0009984970092773438,0.22966265678405762,-0.1569064,-0.6276256,10.9049948
0.0009298324584960938,0.23059368133544922,0.4707192,-0.1569064,9.649743599999999
0.0009305477142333984,0.23152565956115723,0.0,-0.0784532,9.9635564
0.0009331703186035156,0.23245978355407715,0.1569064,0.2353596,9.022118
0.0009315013885498047,0.23339223861694336,0.7060788,0.0,9.3359308
0.0009312629699707031,0.23432493209838867,-0.0784532,-0.3138128,9.9635564
0.0009267330169677734,0.23525238037109375,0.2353596,0.0,9.3359308
0.0009450912475585938,0.23619842529296875,0.0,-1.1767979999999998,10.7480884
0.0009427070617675781,0.23714327812194824,-0.0784532,-0.3138128,10.0420096
0.0009312629699707031,0.23807597160339355,0.0,0.0,10.198916
0.000926971435546875,0.23900365829467773,0.4707192,-0.1569064,9.492837199999999
0.0009496212005615234,0.23995423316955566,-0.2353596,0.2353596,9.9635564
0.0009279251098632812,0.24088311195373535,-0.5491724,0.0,10.4342756
0.0009272098541259766,0.24181151390075684,0.0,0.0784532,8.4729456
0.0009267330169677734,0.24273943901062012,0.1569064,0.0,10.0420096
0.0009260177612304688,0.2436668872833252,0.0,0.0,10.0420096
0.0009272098541259766,0.24459505081176758,0.784532,-0.2353596,9.80665
0.0009272098541259766,0.24552345275878906,0.0,0.0,9.9635564
0.0009264945983886719,0.24645137786865234,0.392266,0.4707192,10.0420096
0.0009272098541259766,0.24737954139709473,-0.6276256,-0.7060788,10.591182
0.0009274482727050781,0.2483079433441162,0.9414384,0.3138128,8.7867584
0.0009272098541259766,0.2492365837097168,0.0,-0.5491724,10.4342756
0.0009374618530273438,0.2501976490020752,0.2353596,0.4707192,9.7281968
0.0009307861328125,0.2511308193206787,0.0,-0.9414384,10.591182
0.0009276866912841797,0.2520596981048584,0.0,-0.0784532,10.0420096
0.0009272098541259766,0.252988338470459,0.0,-0.392266,9.649743599999999
0.0009264945983886719,0.25391602516174316,0.3138128,-0.2353596,9.414383999999998
0.0009264945983886719,0.25484371185302734,0.0,0.0,10.198916
0.0009274482727050781,0.25577259063720703,-0.0784532,-0.3138128,9.3359308
0.0009267330169677734,0.2567000389099121,0.0,0.392266,9.9635564
0.0009264945983886719,0.2576277256011963,0.5491724,-0.1569064,9.7281968
0.0009276866912841797,0.258556604385376,0.0,0.0,9.8851032
0.0009284019470214844,0.25948596000671387,0.2353596,0.5491724,8.9436648
0.0009274482727050781,0.26041436195373535,0.1569064,-0.784532,10.277369199999999
0.000926971435546875,0.26134228706359863,0.0,0.0784532,9.9635564
0.0009267330169677734,0.2622702121734619,0.9414384,-0.0784532,9.414383999999998
0.0009334087371826172,0.26320528984069824,-0.2353596,-0.392266,10.983448000000001
0.0009305477142333984,0.26413702964782715,0.3138128,0.2353596,9.414383999999998
0.00093841552734375,0.2650766372680664,0.784532,-0.1569064,9.9635564
0.0009276866912841797,0.2660057544708252,-0.3138128,-0.6276256,9.80665
0.0009257793426513672,0.26693272590637207,0.8629851999999999,0.2353596,10.0420096
0.0009276866912841797,0.26786208152770996,0.0,-0.7060788,10.277369199999999
0.0009267330169677734,0.26878976821899414,0.0,0.392266,9.7281968
0.0009274482727050781,0.2697181701660156,0.0,-1.0983448,9.649743599999999
0.0009264945983886719,0.2706456184387207,0.0,0.6276256,9.414383999999998
0.0009267330169677734,0.2715733051300049,-0.3138128,0.0,10.6696352
0.0009267330169677734,0.27250099182128906,0.0,0.5491724,9.1005712
0.000926971435546875,0.27342939376831055,0.6276256,0.0,9.9635564
0.0009264945983886719,0.2743570804595947,-0.3138128,0.1569064,10.0420096
0.0009267330169677734,0.2752847671508789,-0.2353596,-0.2353596,9.9635564
0.000926971435546875,0.2762129306793213,0.0,-0.784532,10.0420096
0.0009229183197021484,0.27713680267333984,0.5491724,0.0784532,10.0420096
0.0009236335754394531,0.2780613899230957,0.0,0.2353596,9.7281968
0.00092315673828125,0.27898573875427246,0.1569064,-0.1569064,10.3558224
0.0009276866912841797,0.27991414070129395,0.0,-0.4707192,9.9635564
0.0009276866912841797,0.28084301948547363,0.5491724,0.3138128,9.1005712
0.0009274482727050781,0.2817714214324951,0.0,0.0,10.8265416
0.0009267330169677734,0.2826991081237793,0.3138128,-0.0784532,9.1790244
0.000926971435546875,0.2836270332336426,0.0,-0.8629851999999999,10.591182
0.0009319782257080078,0.284559965133667,0.0784532,0.2353596,10.0420096
0.0009272098541259766,0.2854883670806885,0.0,-0.6276256,9.571290399999999
0.000926971435546875,0.28641653060913086,0.3138128,0.0,9.414383999999998
0.0009365081787109375,0.28736424446105957,0.0,-0.4707192,9.9635564
0.0009286403656005859,0.28829431533813477,0.5491724,-0.1569064,9.7281968
0.0009253025054931641,0.28922104835510254,0.0,-0.4707192,9.649743599999999
0.0009262561798095703,0.2901482582092285,0.2353596,-0.0784532,9.492837199999999
0.0009267330169677734,0.2910761833190918,-0.8629851999999999,-0.5491724,9.9635564
0.0009267330169677734,0.292003870010376,0.7060788,0.6276256,9.2574776
0.0009229183197021484,0.29292845726013184,0.0,0.0,10.983448000000001
0.0009236335754394531,0.2938530445098877,0.1569064,0.0,10.6696352
0.0009238719940185547,0.29477787017822266,0.2353596,-0.6276256,9.3359308
0.0009262561798095703,0.29570508003234863,0.0,0.0,8.5513988
0.0009284019470214844,0.2966349124908447,0.784532,0.0,9.8851032
0.0009267330169677734,0.2975625991821289,-0.1569064,-0.3138128,10.3558224
0.0009264945983886719,0.2984907627105713,0.0784532,-0.0784532,9.1005712
0.0009319782257080078,0.2994239330291748,0.0,0.0,9.3359308
0.0009286403656005859,0.3003542423248291,0.1569064,-0.6276256,9.414383999999998
0.0009264945983886719,0.3012816905975342,0.0,0.8629851999999999,9.7281968
0.0009264945983886719,0.30220913887023926,0.0,-0.3138128,9.9635564
0.0009260177612304688,0.30313634872436523,0.2353596,0.0,10.0420096
0.0009276866912841797,0.3040652275085449,0.0,-0.8629851999999999,10.198916
0.0009262561798095703,0.3049924373626709,0.2353596,0.0,9.2574776
0.000926971435546875,0.3059203624725342,0.0,-1.0198916,10.0420096
0.000926971435546875,0.30684828758239746,0.0,0.0,9.414383999999998
0.0009267330169677734,0.30777597427368164,0.8629851999999999,0.0,9.492837199999999
0.00092315673828125,0.3087005615234375,-0.3138128,-0.1569064,10.198916
0.0009233951568603516,0.30962491035461426,-0.0784532,-0.6276256,10.591182
0.0009324550628662109,0.3105583190917969,0.1569064,-0.0784532,9.2574776
0.0009250640869140625,0.31148457527160645,0.1569064,0.5491724,10.0420096
0.0009288787841796875,0.31241464614868164,0.0,0.0,10.198916
0.0009267330169677734,0.3133425712585449,0.4707192,0.1569064,9.022118
0.0009262561798095703,0.3142697811126709,0.0,0.0784532,9.9635564
0.000926971435546875,0.3151977062225342,-0.0784532,-0.1569064,10.0420096
0.0009288787841796875,0.3161275386810303,0.0784532,-0.0784532,10.198916
0.0009226799011230469,0.3170511722564697,0.9414384,-0.3138128,9.414383999999998
0.0009233951568603516,0.3179759979248047,-0.0784532,0.9414384,9.492837199999999
0.0009229183197021484,0.31890034675598145,-0.0784532,-0.0784532,10.0420096
0.0009260177612304688,0.3198273181915283,-0.1569064,-0.0784532,10.6696352
0.0009274482727050781,0.3207557201385498,0.0,-0.2353596,9.80665
0.0009267330169677734,0.3216836452484131,0.2353596,-0.1569064,9.7281968
0.0009264945983886719,0.32261133193969727,0.0,0.0784532,10.5127288
0.000926971435546875,0.32353925704956055,-0.1569064,-0.6276256,9.649743599999999
0.0009250640869140625,0.3244655132293701,0.0784532,0.5491724,9.7281968
0.0009233951568603516,0.325390100479126,-0.6276256,0.0,11.1403544
0.0009279251098632812,0.32631921768188477,0.0,-0.7060788,10.277369199999999
0.0009288787841796875,0.32724905014038086,0.0784532,-0.7060788,10.198916
0.0009331703186035156,0.3281850814819336,0.2353596,0.0,8.5513988
0.0009262561798095703,0.329113245010376,0.0,-0.7060788,10.5127288
0.0009264945983886719,0.33004069328308105,0.3138128,0.6276256,8.8652116
0.0009272098541259766,0.33096885681152344,-0.1569064,-0.392266,10.983448000000001
0.0009264945983886719,0.3318965435028076,-0.5491724,-0.1569064,9.3359308
0.0009257793426513672,0.3328232765197754,0.2353596,0.0,9.571290399999999
0.0009260177612304688,0.33375096321105957,0.2353596,0.3138128,10.0420096
0.0009293556213378906,0.3346884250640869,0.0,0.0784532,9.9635564
0.0009267330169677734,0.3356163501739502,0.2353596,0.2353596,9.414383999999998
0.0009262561798095703,0.33654356002807617,-0.9414384,0.0,9.9635564
0.0009236335754394531,0.33746814727783203,0.7060788,0.1569064,9.1005712
0.0009229183197021484,0.3383924961090088,0.0,0.5491724,9.1005712
0.0009238719940185547,0.33931756019592285,0.0784532,0.0,10.198916
0.0009274482727050781,0.34024643898010254,-0.7060788,-0.5491724,10.6696352
0.0009267330169677734,0.3411741256713867,0.0,0.0,10.0420096
0.0009272098541259766,0.3421025276184082,0.8629851999999999,0.0,9.3359308
0.0009262561798095703,0.3430306911468506,-0.1569064,0.0,10.8265416
0.0009274482727050781,0.34395933151245117,0.0784532,-0.392266,9.492837199999999
0.0009260177612304688,0.34488630294799805,0.0,0.0,9.022118
0.0009262561798095703,0.3458137512207031,0.0784532,0.5491724,9.7281968
0.0009264945983886719,0.3467416763305664,-0.5491724,-0.8629851999999999,9.9635564
0.000926971435546875,0.3476698398590088,0.7060788,0.1569064,9.1790244
0.0009260177612304688,0.34859681129455566,0.0,0.0,10.3558224
0.0009260177612304688,0.34952378273010254,0.6276256,-0.0784532,9.649743599999999
0.0009305477142333984,0.35045552253723145,0.0784532,-0.0784532,10.3558224
0.0009284019470214844,0.35138535499572754,-0.6276256,-1.0198916,9.9635564
0.0009281635284423828,0.35231447219848633,0.0,0.2353596,8.7867584
0.0009253025054931641,0.3532412052154541,0.2353596,0.0,10.1204628
0.000926971435546875,0.3541693687438965,-0.3138128,-0.2353596,10.198916
0.0009264945983886719,0.35509681701660156,0.2353596,-0.0784532,9.492837199999999
0.0009272098541259766,0.35602521896362305,0.0,0.0,9.80665
0.0009257793426513672,0.3569519519805908,0.0784532,0.3138128,10.0420096
0.0009329319000244141,0.35788607597351074,0.0,0.0,10.6696352
0.0009274482727050781,0.3588144779205322,0.0,0.0,10.8265416
0.0009274482727050781,0.3597428798675537,0.4707192,0.0784532,9.2574776
0.0009236335754394531,0.36066746711730957,0.0784532,-0.392266,10.0420096
0.0009236335754394531,0.36159205436706543,0.1569064,0.0,9.9635564
0.0009236335754394531,0.3625168800354004,0.784532,-0.4707192,9.80665
0.00092315673828125,0.36344099044799805,0.6276256,0.6276256,9.3359308
0.0009291172027587891,0.36437129974365234,0.0,0.0784532,10.5127288
0.0009264945983886719,0.3652989864349365,-0.0784532,-0.4707192,9.649743599999999
0.0009264945983886719,0.3662264347076416,0.784532,0.0,9.571290399999999
0.0009267330169677734,0.3671543598175049,-0.7060788,0.0,10.1204628
0.000926971435546875,0.36808228492736816,-0.0784532,-0.1569064,9.3359308
0.0009260177612304688,0.36900973320007324,0.8629851999999999,0.1569064,10.0420096
0.0009267330169677734,0.3699374198913574,0.0,-0.6276256,10.591182
0.0009264945983886719,0.3708648681640625,0.0,0.2353596,10.0420096
0.0009272098541259766,0.371793270111084,-0.6276256,-1.1767979999999998,9.9635564
0.0009310245513916016,0.37273526191711426,0.0784532,0.2353596,8.7867584
0.0009343624114990234,0.3736715316772461,0.1569064,-0.1569064,9.492837199999999
0.0009276866912841797,0.3746001720428467,0.3138128,-0.9414384,9.9635564
0.0009274482727050781,0.37552881240844727,0.0,0.0784532,10.0420096
0.0009267330169677734,0.37645697593688965,-0.392266,0.0,9.9635564
0.0009267330169677734,0.37738513946533203,-0.3138128,0.0,10.0420096
0.0009267330169677734,0.3783128261566162,0.2353596,0.1569064,10.0420096
0.0009267330169677734,0.3792405128479004,-0.6276256,-0.8629851999999999,9.9635564
0.0009264945983886719,0.38016796112060547,0.392266,-0.0784532,9.1005712
0.0009262561798095703,0.38109564781188965,0.0,0.0,10.7480884
0.0009276866912841797,0.38202953338623047,0.0,-0.8629851999999999,10.591182
0.000926971435546875,0.38295769691467285,0.0,0.2353596,8.7083052
0.0009274482727050781,0.38388609886169434,0.0,0.0,10.9049948
0.00092315673828125,0.384810209274292,0.3138128,0.0,8.629852
0.0009233951568603516,0.38573527336120605,0.0,0.0784532,8.9436648
0.0009233951568603516,0.3866598606109619,0.2353596,-0.6276256,10.0420096
0.0009238719940185547,0.3875846862792969,0.784532,0.0,9.492837199999999
0.0009281635284423828,0.38851428031921387,0.0,0.4707192,10.0420096
0.0009260177612304688,0.38944172859191895,0.1569064,-0.0784532,9.022118
0.0009267330169677734,0.3903696537017822,0.5491724,0.0,10.5127288
0.0009264945983886719,0.3912973403930664,0.0784532,-0.3138128,10.0420096
0.0009274482727050781,0.392225980758667,0.0,-0.392266,9.8851032
0.0009255409240722656,0.39315271377563477,0.0,-0.784532,9.022118
0.0009267330169677734,0.39408040046691895,0.0,0.5491724,9.414383999999998
0.0009272098541259766,0.39500856399536133,0.0,-0.7060788,10.591182
0.000926971435546875,0.3959364891052246,0.0,0.4707192,9.7281968
0.0009260177612304688,0.3968639373779297,0.6276256,0.0,10.277369199999999
0.0009260177612304688,0.39779138565063477,-0.0784532,-0.0784532,10.0420096
0.0009267330169677734,0.39871907234191895,0.0,-0.392266,9.9635564
0.0009407997131347656,0.3996608257293701,0.0,-0.4707192,9.7281968
0.0009264945983886719,0.4005882740020752,0.0,0.0,9.1790244
0.0009238719940185547,0.40151333808898926,0.0784532,-0.0784532,10.0420096
0.0009236335754394531,0.4024379253387451,0.1569064,-0.0784532,10.0420096
0.0009233951568603516,0.4033627510070801,0.0,-0.1569064,9.8851032
0.000926971435546875,0.40429091453552246,-0.7060788,0.0,10.1204628
0.0009324550628662109,0.4052243232727051,0.4707192,0.0784532,8.9436648
0.0009272098541259766,0.40615296363830566,0.1569064,0.3138128,9.3359308
0.0009276866912841797,0.40708184242248535,0.0,-0.7060788,10.277369199999999
0.0009322166442871094,0.40801501274108887,0.0,-0.5491724,10.4342756
0.0009260177612304688,0.40894198417663574,0.0,-0.6276256,9.1005712
0.0009267330169677734,0.4098696708679199,0.9414384,0.0,9.1005712
0.0009264945983886719,0.4107975959777832,-0.3138128,0.0,10.6696352
0.0009272098541259766,0.4117259979248047,0.0,0.4707192,9.1005712
0.0009255409240722656,0.41265296936035156,0.0,0.0,10.591182
0.0009260177612304688,0.41357994079589844,0.1569064,-0.1569064,10.0420096
0.0009262561798095703,0.4145071506500244,0.0,-0.392266,10.0420096
0.0009267330169677734,0.4154348373413086,-0.3138128,-1.1767979999999998,9.492837199999999
0.0009257793426513672,0.41636180877685547,0.2353596,0.784532,9.1005712
0.0009233951568603516,0.4172861576080322,0.0,-0.784532,10.9049948
0.0009241104125976562,0.4182112216949463,0.0,0.0,9.9635564
0.0009236335754394531,0.41913604736328125,0.3138128,0.0,9.022118
0.0009262561798095703,0.42006349563598633,0.0,0.0784532,8.7867584
0.0009264945983886719,0.4209909439086914,0.7060788,0.0,9.7281968
0.0009267330169677734,0.4219188690185547,-0.1569064,-0.3138128,10.1204628
0.000926971435546875,0.42284679412841797,0.5491724,-0.0784532,9.649743599999999
0.0009272098541259766,0.42377543449401855,0.0,0.0,9.80665
0.0009427070617675781,0.42472386360168457,0.0784532,0.3138128,9.80665
0.0009288787841796875,0.4256556034088135,0.784532,-0.0784532,9.1790244
0.000926971435546875,0.42658352851867676,0.0,0.0784532,10.5127288
0.0009262561798095703,0.42751121520996094,0.6276256,-0.0784532,9.649743599999999
0.0009267330169677734,0.4284391403198242,-0.2353596,0.0784532,10.3558224
0.0009279251098632812,0.42937302589416504,-0.6276256,-1.1767979999999998,10.591182
0.0009260177612304688,0.4302999973297119,0.0,0.0784532,8.8652116
0.0009267330169677734,0.4312281608581543,0.0784532,-0.4707192,10.198916
0.0009272098541259766,0.4321565628051758,0.0,0.0,9.80665
0.0009233951568603516,0.43308091163635254,0.5491724,-0.0784532,9.7281968
0.00092315673828125,0.4340050220489502,0.0,0.4707192,9.414383999999998
0.0009293556213378906,0.4349355697631836,0.7060788,-0.392266,9.9635564
0.0009284019470214844,0.4358649253845215,0.0784532,0.0784532,10.0420096
0.0009272098541259766,0.43679332733154297,-0.3138128,-1.0198916,9.9635564
0.0009260177612304688,0.43772077560424805,0.4707192,0.5491724,9.7281968
0.0009260177612304688,0.438647985458374,0.0,0.0,10.9049948
0.0009264945983886719,0.4395759105682373,0.1569064,-0.0784532,9.3359308
0.0009272098541259766,0.4405040740966797,0.3138128,-0.784532,10.1204628
0.0009264945983886719,0.44143152236938477,-0.0784532,0.5491724,9.571290399999999
0.0009264945983886719,0.44235968589782715,0.0,-0.4707192,9.9635564
0.0009264945983886719,0.4432871341705322,0.0,-0.6276256,9.7281968
0.0009272098541259766,0.4442152976989746,0.2353596,0.0,9.3359308
0.0009238719940185547,0.44514012336730957,0.0,-0.784532,10.8265416
0.0009236335754394531,0.44606471061706543,-0.1569064,-0.4707192,9.492837199999999
0.0009236335754394531,0.4469892978668213,-0.0784532,-0.4707192,9.1005712
0.0009260177612304688,0.44791698455810547,0.7060788,0.1569064,9.414383999999998
0.0009274482727050781,0.44884538650512695,0.0,0.0,10.198916
0.000926971435546875,0.44977331161499023,0.4707192,0.0,10.0420096
0.000926971435546875,0.4507017135620117,0.0,-0.7060788,10.198916
0.0009267330169677734,0.4516294002532959,0.3138128,0.0,9.022118
0.0009417533874511719,0.4525723457336426,0.0,0.0,10.591182
0.0009279251098632812,0.45350146293640137,0.0,-0.5491724,9.9635564
0.0009267330169677734,0.45442914962768555,0.0784532,-0.4707192,9.649743599999999
0.0009264945983886719,0.4553568363189697,0.2353596,0.6276256,9.571290399999999
0.0009274482727050781,0.4562852382659912,-0.6276256,0.0,10.6696352
0.0009257793426513672,0.457211971282959,0.392266,-0.0784532,9.1005712
0.000926971435546875,0.45813989639282227,0.0,0.5491724,9.9635564
0.0009264945983886719,0.45906782150268555,0.6276256,-0.1569064,10.0420096
0.0009276866912841797,0.45999646186828613,-0.392266,0.0784532,9.9635564
0.0009233951568603516,0.4609208106994629,0.3138128,-0.3138128,9.414383999999998
0.0009236335754394531,0.46184563636779785,0.0,0.392266,8.4729456
0.0009260177612304688,0.46277284622192383,0.0,0.0,10.8265416
0.0009260177612304688,0.4636998176574707,0.0,-1.2552512,10.4342756
0.0009272098541259766,0.4646279811859131,0.0,0.0,9.571290399999999
0.0009264945983886719,0.46555542945861816,0.784532,-0.3138128,9.9635564
0.0009279251098632812,0.46648454666137695,-0.1569064,0.0,10.3558224
0.0009267330169677734,0.46741223335266113,0.2353596,-0.0784532,9.414383999999998
0.0009338855743408203,0.46834731101989746,0.0,0.0,9.649743599999999
0.0009281635284423828,0.46927642822265625,-0.0784532,-0.6276256,9.80665
0.0009262561798095703,0.4702036380767822,0.0,0.8629851999999999,9.7281968
0.0009257793426513672,0.4711306095123291,0.0,-0.392266,9.9635564
0.0009288787841796875,0.4720606803894043,0.2353596,-0.0784532,10.0420096
0.0009291172027587891,0.4729907512664795,0.0,0.2353596,8.8652116
0.0009274482727050781,0.4739193916320801,0.0,0.0,10.3558224
0.000926971435546875,0.47484731674194336,0.0,0.392266,9.414383999999998
0.0009284019470214844,0.47577667236328125,0.784532,0.0,9.80665
0.0009272098541259766,0.47671079635620117,-0.0784532,-0.392266,9.80665
0.000926971435546875,0.47763895988464355,0.5491724,0.0,9.7281968
0.0009264945983886719,0.47856664657592773,0.0,-0.8629851999999999,10.9049948
0.0009267330169677734,0.4794943332672119,-0.0784532,-0.0784532,9.1005712
0.0009267330169677734,0.4804220199584961,0.1569064,0.392266,9.9635564
0.0009267330169677734,0.4813499450683594,0.3138128,-0.3138128,10.591182
0.0009262561798095703,0.48227739334106445,0.0,0.0,9.8851032
0.0009264945983886719,0.48320531845092773,-0.1569064,-0.9414384,9.3359308
0.0009334087371826172,0.48413991928100586,0.3138128,0.4707192,9.571290399999999
0.0009243488311767578,0.48506641387939453,0.0,0.0,10.591182
0.0009238719940185547,0.4859912395477295,0.6276256,-0.784532,10.5127288
0.00092315673828125,0.48691534996032715,0.0784532,0.3138128,9.649743599999999
0.0009264945983886719,0.48784327507019043,-0.2353596,0.0,10.0420096
0.0009272098541259766,0.4887712001800537,0.0,-0.3138128,9.9635564
0.0009272098541259766,0.4896993637084961,0.0,-0.6276256,9.9635564
0.0009272098541259766,0.4906277656555176,0.2353596,0.0,10.198916
0.0009264945983886719,0.49155545234680176,-0.6276256,-0.6276256,9.9635564
0.0009264945983886719,0.49248290061950684,0.392266,-0.0784532,9.1005712
0.0009262561798095703,0.493410587310791,0.0,0.0,10.198916
0.0009262561798095703,0.4943375587463379,0.6276256,-0.1569064,9.492837199999999
0.0009267330169677734,0.49526524543762207,0.0784532,0.0784532,10.1204628
0.000926971435546875,0.49619364738464355,0.3138128,0.0,9.3359308
0.0009257793426513672,0.49712038040161133,-0.7060788,0.0,10.591182
0.000926971435546875,0.4980483055114746,0.0,-0.9414384,9.649743599999999
0.0009267330169677734,0.4989759922027588,0.1569064,-0.6276256,9.7281968
0.0009350776672363281,0.4999122619628906,0.0,0.5491724,9.414383999999998
0.0009293556213378906,0.5008430480957031,0.0784532,-0.1569064,9.8851032
0.0009274482727050781,0.5017716884613037,0.0,0.0,10.5127288
0.0009264945983886719,0.5026991367340088,0.1569064,-0.3138128,9.022118
0.000926971435546875,0.5036270618438721,0.0784532,0.8629851999999999,9.571290399999999
0.0009286403656005859,0.5045568943023682,0.0,-0.3138128,9.9635564
0.0009276866912841797,0.5054855346679688,-0.392266,-0.4707192,9.9635564
0.0009267330169677734,0.506413459777832,0.0,0.2353596,8.7867584
0.0009267330169677734,0.5073413848876953,0.0,0.0,10.5127288
0.0009276866912841797,0.508270263671875,0.0,0.7060788,9.414383999999998
0.0009229183197021484,0.5091943740844727,0.0,0.0,10.6696352
0.0009238719940185547,0.5101191997528076,0.392266,0.3138128,9.7281968
0.0009241104125976562,0.5110442638397217,0.0,0.0,10.0420096
0.0009264945983886719,0.5119717121124268,-0.1569064,-0.6276256,10.983448000000001
0.0009264945983886719,0.5128991603851318,0.1569064,0.392266,9.1005712
0.0009267330169677734,0.5138270854949951,0.0,0.0,10.591182
0.0009267330169677734,0.5147550106048584,0.2353596,-0.0784532,10.0420096
0.0009274482727050781,0.5156834125518799,0.0,-0.392266,10.0420096
0.0009260177612304688,0.5166103839874268,0.2353596,-0.6276256,9.649743599999999
0.000926971435546875,0.51753830909729,0.0,0.5491724,9.7281968
0.0009262561798095703,0.5184657573699951,0.0784532,0.0,9.9635564
0.0009257793426513672,0.5193929672241211,0.0,0.5491724,9.8851032
0.0009267330169677734,0.5203206539154053,0.3138128,0.0,10.277369199999999
0.0009267330169677734,0.5212485790252686,0.1569064,-0.0784532,10.0420096
0.0009267330169677734,0.5221765041351318,0.0,-0.3138128,9.9635564
0.0009267330169677734,0.5231044292449951,0.0,-0.392266,9.649743599999999
0.0009286403656005859,0.5240395069122314,-0.1569064,-0.6276256,10.3558224
0.00092315673828125,0.5249636173248291,0.5491724,-0.0784532,9.7281968
0.0009233951568603516,0.5258879661560059,0.1569064,0.2353596,10.0420096
0.0009222030639648438,0.5268118381500244,0.0,0.0,9.9635564
0.0009281635284423828,0.5277409553527832,0.0,0.0,10.9049948
0.0009291172027587891,0.5286712646484375,-0.392266,0.0,10.3558224
0.000926971435546875,0.5295994281768799,0.0,-0.3138128,8.9436648
0.0009267330169677734,0.5305271148681641,0.1569064,0.0,10.198916
0.0009267330169677734,0.5314548015594482,0.392266,0.0784532,9.022118
0.000926971435546875,0.5323829650878906,0.0,-0.7060788,10.6696352
0.0009257793426513672,0.5333099365234375,0.1569064,0.5491724,9.1790244
0.0009262561798095703,0.5342376232147217,-0.1569064,-0.392266,10.9049948
0.0009262561798095703,0.5351648330688477,0.0784532,-0.392266,9.649743599999999
0.0009272098541259766,0.5360932350158691,0.0,0.0,9.3359308
0.0009233951568603516,0.5370175838470459,0.392266,0.392266,9.492837199999999
0.0009236335754394531,0.5379424095153809,0.0784532,-0.1569064,10.3558224
0.0009236335754394531,0.5388669967651367,0.0,-0.392266,9.8851032
0.0009257793426513672,0.5397939682006836,-0.7060788,-0.8629851999999999,9.9635564
0.0009267330169677734,0.5407214164733887,0.5491724,0.1569064,9.022118
0.0009264945983886719,0.5416498184204102,0.0,0.0,10.6696352
0.0009260177612304688,0.542576789855957,0.0784532,-0.0784532,9.1790244
0.0009262561798095703,0.5435044765472412,0.0,0.0,10.591182
0.0009267330169677734,0.5444321632385254,0.4707192,0.6276256,9.022118
0.0009267330169677734,0.5453603267669678,-0.3138128,-0.2353596,10.8265416
0.0009272098541259766,0.5462884902954102,-0.7060788,-0.392266,9.1790244
0.0009264945983886719,0.5472490787506104,0.2353596,0.3138128,9.80665
0.0009295940399169922,0.5481798648834229,0.0,-0.6276256,10.0420096
0.0009260177612304688,0.5491068363189697,0.0,-0.7060788,10.1204628
0.0009267330169677734,0.5500345230102539,0.0,-0.6276256,9.80665
0.0009441375732421875,0.5509812831878662,0.1569064,0.392266,9.414383999999998
0.0009281635284423828,0.5519113540649414,0.0,0.0,9.649743599999999
0.0009233951568603516,0.5528357028961182,0.0,-0.2353596,9.8851032
0.0009236335754394531,0.5537600517272949,0.0,-0.7060788,10.8265416
0.0009236335754394531,0.5546846389770508,0.6276256,0.0,10.198916
0.0009233951568603516,0.5556089878082275,0.0,0.5491724,9.414383999999998
0.0009274482727050781,0.556537389755249,0.0,0.0,10.277369199999999
0.0009264945983886719,0.5574648380279541,-0.0784532,-0.0784532,9.414383999999998
0.0009260177612304688,0.5583922863006592,0.0,0.0,9.9635564
0.0009264945983886719,0.5593199729919434,0.392266,-0.1569064,10.0420096
0.0009274482727050781,0.560248613357544,0.0,-0.392266,10.0420096
0.0009255409240722656,0.5611751079559326,0.0,-0.6276256,9.649743599999999
0.0009262561798095703,0.5621023178100586,0.2353596,0.784532,9.414383999999998
0.0009295940399169922,0.5630331039428711,0.1569064,0.0,9.9635564
0.0009295940399169922,0.5639636516571045,0.0,-0.784532,10.591182
0.0009257793426513672,0.5648906230926514,-0.0784532,0.8629851999999999,9.80665
0.0009262561798095703,0.5658183097839355,-0.3138128,-0.392266,9.9635564
0.0009272098541259766,0.5667464733123779,0.0,-0.5491724,9.649743599999999
0.0009262561798095703,0.5676736831665039,0.2353596,0.5491724,9.414383999999998
0.0009267330169677734,0.5686016082763672,-0.4707192,-0.784532,10.6696352
0.0009267330169677734,0.5695295333862305,0.2353596,-0.0784532,9.414383999999998
0.0009272098541259766,0.5704576969146729,0.0,-0.392266,9.80665
0.0009284019470214844,0.5713932514190674,-0.1569064,-0.8629851999999999,9.9635564
0.0009262561798095703,0.5723211765289307,0.0,0.5491724,10.0420096
0.0009238719940185547,0.5732462406158447,0.3138128,-0.5491724,10.277369199999999
0.0009236335754394531,0.5741705894470215,0.1569064,0.3138128,9.022118
0.0009233951568603516,0.5750951766967773,0.0,0.1569064,9.414383999999998
0.0009250640869140625,0.576021671295166,0.0,0.4707192,9.1005712
0.0009264945983886719,0.5769493579864502,0.8629851999999999,0.0,9.649743599999999
0.0009267330169677734,0.5778770446777344,0.0,-0.1569064,10.3558224
0.0009267330169677734,0.5788047313690186,-0.392266,-0.1569064,9.9635564
0.0009274482727050781,0.5797333717346191,0.0,-0.6276256,9.9635564
0.0009262561798095703,0.5806605815887451,0.2353596,0.1569064,10.0420096
0.0009267330169677734,0.5815885066986084,-0.4707192,-0.8629851999999999,10.277369199999999
0.0009264945983886719,0.5825159549713135,0.392266,0.1569064,9.1790244
0.0009260177612304688,0.5834434032440186,0.0,0.0,10.3558224
0.0009257793426513672,0.5843706130981445,0.6276256,-0.4707192,9.649743599999999
0.0009262561798095703,0.5852978229522705,0.0784532,0.5491724,10.0420096
0.0009264945983886719,0.5862255096435547,0.2353596,0.0,9.649743599999999
0.0009267330169677734,0.5871531963348389,-0.2353596,0.0,10.198916
0.000926971435546875,0.5880811214447021,0.0,-0.784532,9.9635564
0.0009236335754394531,0.5890059471130371,-0.2353596,-0.7060788,8.8652116
0.0009236335754394531,0.589930534362793,0.2353596,0.0,9.571290399999999
0.0009293556213378906,0.5908610820770264,0.2353596,0.1569064,9.3359308
0.0009276866912841797,0.591789722442627,0.3138128,-0.3138128,9.492837199999999
0.0009267330169677734,0.5927174091339111,0.392266,0.0,9.9635564
0.0009272098541259766,0.5936458110809326,0.1569064,-0.3138128,10.0420096
0.0009329319000244141,0.5945804119110107,0.0,-0.7060788,10.0420096
0.0009279251098632812,0.5955092906951904,0.0,-0.392266,10.7480884
0.000926971435546875,0.5964372158050537,-0.0784532,-0.0784532,9.492837199999999
0.0009264945983886719,0.597365140914917,0.0,0.0,9.9635564
0.0009264945983886719,0.5982928276062012,0.2353596,0.3138128,9.7281968
0.0009267330169677734,0.5992207527160645,0.0,-0.7060788,10.5127288
0.000926971435546875,0.6001486778259277,-0.3138128,0.0,8.8652116
0.00092315673828125,0.6010727882385254,0.6276256,0.0,9.492837199999999
0.0009233951568603516,0.6019971370697021,0.0,0.6276256,9.8851032
0.0009233951568603516,0.602921724319458,-0.5491724,0.0,10.198916
0.0009255409240722656,0.6038486957550049,0.0,-0.7060788,10.277369199999999
0.0009276866912841797,0.6047775745391846,0.3138128,-0.3138128,9.022118
0.0009272098541259766,0.605705738067627,0.0,0.0,9.9635564
0.0009267330169677734,0.6066336631774902,0.2353596,0.3138128,9.414383999999998
0.0009262561798095703,0.6075613498687744,-0.7060788,0.0,10.591182
0.000926971435546875,0.6084892749786377,0.0,0.0,8.7083052
0.000926971435546875,0.609417200088501,0.0,0.0,10.6696352
0.0009262561798095703,0.6103448867797852,0.392266,0.6276256,8.7867584
0.0009272098541259766,0.6112730503082275,0.0,-1.0198916,10.591182
0.0009272098541259766,0.6122012138366699,0.0,0.1569064,9.492837199999999
0.0009257793426513672,0.6131281852722168,0.1569064,-0.4707192,10.1204628
0.0009264945983886719,0.6140561103820801,0.0,-0.4707192,9.7281968
0.0009262561798095703,0.6149835586547852,0.5491724,0.0,9.2574776
0.0009267330169677734,0.6159114837646484,0.0,0.0,10.277369199999999
0.00092315673828125,0.6168355941772461,-0.0784532,-0.4707192,9.649743599999999
0.0009238719940185547,0.617760419845581,1.0198916,-0.0784532,9.3359308
0.0009245872497558594,0.6186909675598145,0.3138128,-0.6276256,9.9635564
0.0009233951568603516,0.6196153163909912,0.6276256,-0.1569064,9.8851032
0.0009279251098632812,0.62054443359375,0.1569064,0.4707192,9.1790244
0.0009276866912841797,0.6214730739593506,0.3138128,-0.3138128,9.571290399999999
0.0009267330169677734,0.6224007606506348,-0.0784532,-0.0784532,10.198916
0.0009260177612304688,0.623328447341919,0.0,-0.4707192,9.3359308
0.0009293556213378906,0.6242589950561523,0.1569064,-0.4707192,9.7281968
0.0009326934814453125,0.6251931190490723,-0.1569064,-0.6276256,10.8265416
0.0009284019470214844,0.6261355876922607,-0.0784532,0.1569064,9.414383999999998
0.0009276866912841797,0.6270644664764404,-0.3138128,-0.5491724,9.80665
0.0009279251098632812,0.6279933452606201,0.0784532,-0.0784532,9.8851032
0.0009257793426513672,0.6289200782775879,0.0,-0.9414384,9.3359308
0.0009264945983886719,0.629847526550293,0.392266,0.8629851999999999,9.414383999999998
0.000926971435546875,0.6307756900787354,0.0,0.0,10.983448000000001
0.0009262561798095703,0.6317028999328613,0.0,0.5491724,9.8851032
0.000926971435546875,0.6326310634613037,0.0,-0.784532,10.591182
0.000926971435546875,0.6335592269897461,-0.0784532,0.2353596,10.3558224
0.0009264945983886719,0.6344864368438721,-0.2353596,0.0,9.9635564
0.0009264945983886719,0.6354141235351562,0.3138128,-0.7060788,9.8851032
0.0009267330169677734,0.6363418102264404,0.0,0.392266,9.8851032
0.0009236335754394531,0.6372663974761963,-0.3138128,-0.9414384,9.9635564
0.0009238719940185547,0.6381914615631104,-0.1569064,-0.6276256,9.80665
0.0009233951568603516,0.6391160488128662,0.5491724,-0.3138128,9.1005712
0.0009253025054931641,0.6400423049926758,1.1767979999999998,0.1569064,9.492837199999999
0.000926971435546875,0.6409702301025391,0.0,0.2353596,10.5127288
0.0009264945983886719,0.6419038772583008,0.4707192,-0.0784532,9.649743599999999
0.0009279251098632812,0.6428327560424805,0.0,0.0,9.022118
0.0009279251098632812,0.6437616348266602,0.1569064,-0.8629851999999999,9.649743599999999
0.0009257793426513672,0.6446890830993652,0.0,0.0,10.0420096
0.0009262561798095703,0.6456162929534912,0.784532,0.1569064,9.3359308
0.000926971435546875,0.6465442180633545,-0.0784532,-0.5491724,11.061901200000001
0.0009264945983886719,0.6474719047546387,0.0784532,-0.392266,9.492837199999999
0.0009262561798095703,0.6483991146087646,0.1569064,0.0,9.1790244
0.0009262561798095703,0.649327278137207,0.1569064,0.5491724,9.414383999999998
0.0009267330169677734,0.6502549648284912,-0.6276256,-0.8629851999999999,9.9635564
0.0009260177612304688,0.6511821746826172,0.8629851999999999,-0.0784532,9.1005712
0.0009272098541259766,0.6521103382110596,0.0,0.2353596,10.3558224
0.00092315673828125,0.6530346870422363,0.3138128,-0.1569064,9.649743599999999
0.0009238719940185547,0.6539595127105713,0.1569064,0.6276256,9.2574776
0.0009233951568603516,0.6548840999603271,0.0,0.5491724,10.0420096
0.0009253025054931641,0.6558103561401367,0.0,0.0,10.1204628
0.0009264945983886719,0.6567380428314209,0.4707192,0.3138128,8.7083052
0.0009262561798095703,0.6576659679412842,-0.392266,-0.392266,10.8265416
0.0009257793426513672,0.658592939376831,-0.5491724,-0.2353596,9.649743599999999
0.0009260177612304688,0.6595199108123779,0.0,0.0,9.80665
0.0009262561798095703,0.6604475975036621,0.2353596,0.0,10.0420096
0.0009264945983886719,0.6613750457763672,-0.6276256,-0.784532,9.9635564
0.0009264945983886719,0.6623024940490723,0.5491724,0.0784532,8.7867584
0.0009260177612304688,0.6632299423217773,0.0,0.0,10.3558224
0.0009262561798095703,0.6641578674316406,0.4707192,-0.3138128,9.492837199999999
0.00092315673828125,0.6650817394256592,0.0784532,0.0784532,10.0420096
0.0009241104125976562,0.6660115718841553,0.1569064,-0.4707192,9.3359308
0.00092315673828125,0.6669356822967529,0.2353596,0.392266,9.571290399999999
0.0009250640869140625,0.6678621768951416,-0.7060788,0.2353596,10.0420096
0.0009274482727050781,0.6687905788421631,-0.2353596,-0.6276256,9.649743599999999
0.0009267330169677734,0.6697182655334473,0.2353596,-0.3138128,9.7281968
0.0009260177612304688,0.6706459522247314,0.0,0.6276256,9.8851032
0.0009260177612304688,0.6715734004974365,-0.1569064,-0.4707192,9.8851032
0.0009264945983886719,0.6725006103515625,0.5491724,-0.0784532,9.414383999999998
0.000926971435546875,0.6734287738800049,0.0,0.0,9.649743599999999
0.0009260177612304688,0.6743557453155518,0.5491724,-0.0784532,9.571290399999999
0.000926971435546875,0.6752841472625732,-0.9414384,-0.7060788,10.198916
0.000926971435546875,0.6762120723724365,0.9414384,0.0,8.7867584
0.0009264945983886719,0.6771397590637207,0.0,0.0,10.8265416
0.0009329319000244141,0.6780736446380615,0.0784532,-0.784532,10.591182
0.0009264945983886719,0.6790010929107666,-0.0784532,0.8629851999999999,9.492837199999999
0.000926971435546875,0.679929256439209,0.0,-0.2353596,10.591182
0.0009276866912841797,0.6808578968048096,-0.3138128,-0.392266,9.649743599999999
0.0009293556213378906,0.6817882061004639,0.0,0.6276256,9.571290399999999
0.0009288787841796875,0.6827182769775391,0.0,-0.0784532,9.414383999999998
0.0009400844573974609,0.683659553527832,0.0,0.0,9.649743599999999
0.0009293556213378906,0.6845898628234863,0.0,-0.6276256,10.4342756
0.0009284019470214844,0.6855192184448242,0.0,0.2353596,9.7281968
0.000926971435546875,0.6864473819732666,0.3138128,-0.9414384,9.492837199999999
0.0009262561798095703,0.6873745918273926,0.0,0.0,10.0420096
0.000926971435546875,0.688302755355835,0.2353596,0.0,9.9635564
0.0009310245513916016,0.689234733581543,-0.7060788,0.2353596,9.7281968
0.0009281635284423828,0.6901638507843018,0.0,-0.392266,10.983448000000001
0.0009262561798095703,0.6910912990570068,-0.0784532,-0.392266,9.649743599999999
0.0009267330169677734,0.692018985748291,0.6276256,0.0,9.571290399999999
0.0009260177612304688,0.6929459571838379,0.0,0.0784532,10.0420096
0.000926971435546875,0.6938741207122803,-0.3138128,-0.6276256,9.649743599999999
0.0009264945983886719,0.6948015689849854,1.0198916,-0.0784532,9.7281968
0.000926971435546875,0.6957294940948486,0.0,0.0,10.591182
0.0009226799011230469,0.6966531276702881,0.1569064,0.6276256,9.571290399999999
0.0009233951568603516,0.6975774765014648,-0.0784532,0.1569064,10.0420096
0.0009233951568603516,0.6985020637512207,-0.0784532,-0.0784532,10.0420096
0.0009236335754394531,0.6994266510009766,0.2353596,-0.392266,10.5127288
0.0009307861328125,0.7003586292266846,0.2353596,0.0,9.414383999999998
0.0009262561798095703,0.7012863159179688,0.0,-1.1767979999999998,10.6696352
0.000926971435546875,0.7022144794464111,-0.392266,0.0,9.1005712
0.0009267330169677734,0.7031421661376953,0.6276256,0.0,9.2574776
0.0009272098541259766,0.7040708065032959,0.0,-0.5491724,10.591182
0.0009253025054931641,0.7049973011016846,-0.0784532,0.4707192,9.414383999999998
0.0009262561798095703,0.7059249877929688,0.0784532,0.0,9.9635564
0.0009310245513916016,0.7068591117858887,-0.0784532,0.0,10.0420096
0.0009276866912841797,0.7077884674072266,1.1767979999999998,0.1569064,9.414383999999998
0.0009264945983886719,0.7087159156799316,0.0,0.0,10.4342756
0.0009262561798095703,0.7096431255340576,0.5491724,0.4707192,9.492837199999999
0.0009264945983886719,0.7105708122253418,0.0,-0.392266,9.9635564
0.0009262561798095703,0.7114980220794678,0.784532,0.0,9.2574776
0.0009253025054931641,0.7124245166778564,-0.3138128,-0.5491724,10.6696352
0.0009243488311767578,0.7133550643920898,0.0784532,0.0,10.0420096
0.0009257793426513672,0.7142817974090576,0.784532,0.0,9.2574776
0.0009274482727050781,0.7152104377746582,-0.3138128,-0.5491724,10.4342756
0.0009281635284423828,0.716139554977417,0.0,-0.0784532,9.414383999999998
0.0009250640869140625,0.7170655727386475,0.0,0.0,9.9635564
0.0009260177612304688,0.7179930210113525,0.5491724,0.0,9.492837199999999
0.0009267330169677734,0.7189207077026367,0.0,-0.5491724,10.198916
0.0009272098541259766,0.7198488712310791,0.6276256,-0.6276256,9.1790244
0.0009253025054931641,0.7207753658294678,0.0,0.2353596,9.9635564
0.0009264945983886719,0.7217028141021729,0.2353596,0.0,9.9635564
0.0009267330169677734,0.722630500793457,0.0,0.0784532,10.6696352
0.0009264945983886719,0.7235579490661621,0.784532,0.0,9.649743599999999
0.0009250640869140625,0.7244839668273926,-0.0784532,-0.0784532,10.0420096
0.0009241104125976562,0.7254090309143066,-0.0784532,-0.5491724,9.9635564
0.0009238719940185547,0.7263338565826416,0.0,-0.3138128,9.8851032
0.0009233951568603516,0.7272582054138184,0.0,-0.7060788,9.7281968
0.0009262561798095703,0.7281854152679443,0.0784532,-0.5491724,9.649743599999999
0.0009267330169677734,0.7291131019592285,0.2353596,0.3138128,9.414383999999998
0.0009267330169677734,0.7300412654876709,-0.7060788,-0.5491724,9.9635564
0.0009264945983886719,0.730968713760376,0.4707192,-0.3138128,9.2574776
0.0009274482727050781,0.7318971157073975,0.0,0.2353596,10.198916
0.0009260177612304688,0.7328240871429443,0.3138128,-0.1569064,10.277369199999999
0.0009262561798095703,0.7337515354156494,0.2353596,-0.0784532,10.198916
0.0009262561798095703,0.7346792221069336,0.9414384,-0.3138128,9.2574776
0.000926971435546875,0.7356071472167969,-0.0784532,-0.392266,10.3558224
0.0009262561798095703,0.7365403175354004,0.0,-0.392266,9.2574776
0.0009267330169677734,0.7374684810638428,0.0,0.0784532,10.0420096
0.0009267330169677734,0.738396167755127,0.4707192,-0.4707192,10.0420096
0.0009262561798095703,0.7393233776092529,0.0,0.0,9.8851032
0.0009274482727050781,0.7402520179748535,-0.0784532,0.0,9.649743599999999
0.0009229183197021484,0.7411758899688721,0.0,0.0,10.198916
0.0009236335754394531,0.7421004772186279,0.0,0.0,10.3558224
0.0009236335754394531,0.7430253028869629,-1.0198916,-0.784532,9.9635564
0.0009260177612304688,0.7439522743225098,0.0,-1.0983448,9.9635564
0.0009272098541259766,0.7448804378509521,0.0,0.4707192,8.9436648
0.0009272098541259766,0.7458088397979736,-0.2353596,0.0,10.277369199999999
0.0009264945983886719,0.7467362880706787,0.0,0.0,9.7281968
0.0009303092956542969,0.7476675510406494,0.784532,0.0,9.9635564
0.0009272098541259766,0.7485957145690918,0.0784532,-0.4707192,9.9635564
0.0009272098541259766,0.7495238780975342,0.0,-0.392266,9.80665
0.0009264945983886719,0.7504513263702393,0.2353596,0.6276256,9.649743599999999
0.0009267330169677734,0.7513790130615234,0.0,-0.5491724,10.9049948
0.000926971435546875,0.7523069381713867,0.1569064,-0.1569064,9.022118
0.0009248256683349609,0.7532329559326172,0.0,0.5491724,9.7281968
0.0009267330169677734,0.7541606426239014,0.0,-0.6276256,10.9049948
0.0009267330169677734,0.7550885677337646,0.2353596,-0.0784532,10.0420096
0.000926971435546875,0.7560164928436279,0.0,-0.4707192,9.9635564
0.0009238719940185547,0.7569413185119629,0.2353596,0.0,9.2574776
0.0009233951568603516,0.7578659057617188,0.0784532,0.0,9.8851032
0.0009236335754394531,0.7587904930114746,-0.392266,-0.392266,10.6696352
0.0009257793426513672,0.7597172260284424,0.0,-0.392266,9.9635564
0.0009272098541259766,0.7606501579284668,0.6276256,0.0,9.1005712
0.0009267330169677734,0.761577844619751,-0.3138128,-0.7060788,10.6696352
0.000926971435546875,0.7625057697296143,0.392266,-0.0784532,9.414383999999998
0.0009264945983886719,0.7634334564208984,0.0,0.0,10.591182
0.0009250640869140625,0.764359712600708,0.5491724,-0.0784532,10.0420096
0.0009233951568603516,0.765284538269043,0.0,0.0,10.0420096
0.0009233951568603516,0.7662088871002197,-0.8629851999999999,0.0,9.9635564
0.00092315673828125,0.7671329975128174,-0.6276256,-1.0983448,9.9635564
0.0009260177612304688,0.7680599689483643,0.0,-0.6276256,9.9635564
0.0009264945983886719,0.7689874172210693,0.1569064,0.0,9.1005712
0.000926971435546875,0.7699155807495117,-0.1569064,-0.784532,9.9635564
0.0009267330169677734,0.7708432674407959,0.0,0.0,9.7281968
0.0009272098541259766,0.7717714309692383,0.784532,0.0,9.9635564
0.00092315673828125,0.7726955413818359,-0.3138128,0.0,10.0420096
0.0009238719940185547,0.7736208438873291,0.3138128,-0.6276256,10.9049948
0.0009260177612304688,0.774547815322876,0.1569064,0.4707192,9.2574776
0.0009279251098632812,0.7754771709442139,0.0,0.0,9.9635564
0.000926971435546875,0.7764050960540771,0.1569064,-0.1569064,10.0420096
0.0009267330169677734,0.7773327827453613,-0.784532,-0.7060788,9.9635564
0.000926971435546875,0.7782607078552246,0.9414384,-0.3138128,9.3359308
0.0009260177612304688,0.7791881561279297,0.0,0.0,10.591182
0.0009272098541259766,0.7801163196563721,0.392266,-0.1569064,9.649743599999999
0.000926971435546875,0.7810442447662354,0.0,-0.7060788,10.591182
0.0009274482727050781,0.7819726467132568,0.5491724,0.4707192,9.1790244
0.0009267330169677734,0.7829005718231201,0.0,-0.392266,10.591182
0.0009448528289794922,0.7838461399078369,-0.392266,0.0,9.492837199999999
0.0009241104125976562,0.7847714424133301,0.3138128,0.3138128,9.649743599999999
0.0009284019470214844,0.7857012748718262,0.2353596,0.0,10.0420096
0.0009262561798095703,0.7866284847259521,-0.3138128,-0.9414384,9.9635564
0.0009264945983886719,0.7875559329986572,0.2353596,0.8629851999999999,9.2574776
0.0009281635284423828,0.7884852886199951,-0.4707192,0.0,11.2188076
0.0009274482727050781,0.7894136905670166,0.2353596,-0.1569064,10.198916
0.0009267330169677734,0.7903416156768799,0.0,-0.6276256,9.649743599999999
0.0009262561798095703,0.7912693023681641,0.0,0.0,9.7281968
0.0009281635284423828,0.792198896408081,0.392266,-0.3138128,9.1790244
0.0009250640869140625,0.7931253910064697,0.0,-0.7060788,10.6696352
0.0009262561798095703,0.7940528392791748,0.2353596,0.5491724,9.022118
0.0009272098541259766,0.7949812412261963,-0.0784532,-0.4707192,10.7480884
0.0009274482727050781,0.7959096431732178,0.0,-0.392266,9.2574776
0.0009264945983886719,0.7968370914459229,0.3138128,0.0,9.022118
0.0009262561798095703,0.797764778137207,0.0,0.0,10.0420096
0.000926971435546875,0.7986927032470703,-0.1569064,-0.6276256,9.649743599999999
0.0009431838989257812,0.7996370792388916,0.8629851999999999,0.4707192,9.414383999999998
0.0009298324584960938,0.8005897998809814,0.0,0.0,9.492837199999999
0.0009236335754394531,0.8015148639678955,0.0,0.0784532,9.9635564
0.0009236335754394531,0.8024394512176514,0.0,-0.8629851999999999,10.9049948
0.0009236335754394531,0.8033642768859863,0.8629851999999999,0.0,9.649743599999999
0.0009257793426513672,0.8042917251586914,0.0,0.7060788,9.492837199999999
0.0009276866912841797,0.8052206039428711,-0.0784532,-0.6276256,10.1204628
0.0009262561798095703,0.8061482906341553,0.0,-1.0983448,9.80665
0.0009272098541259766,0.8070764541625977,0.784532,-0.0784532,9.414383999999998
0.0009286403656005859,0.808011531829834,1.1767979999999998,-0.0784532,9.414383999999998
0.0009255409240722656,0.8089382648468018,0.0,0.0,9.9635564
0.0009267330169677734,0.8098659515380859,0.3138128,0.4707192,9.2574776
0.0009341239929199219,0.8108012676239014,-0.392266,-0.9414384,10.591182
0.0009300708770751953,0.811732292175293,0.0784532,0.0,9.1790244
0.0009255409240722656,0.8126587867736816,0.0,-0.3138128,10.8265416
0.0009264945983886719,0.8135864734649658,0.8629851999999999,0.3138128,9.022118
0.0009272098541259766,0.8145148754119873,-0.4707192,-0.0784532,11.1403544
0.000926971435546875,0.8154428005218506,-0.2353596,-0.392266,9.649743599999999
0.0009274482727050781,0.8163712024688721,0.4707192,0.0,9.414383999999998
0.0009260177612304688,0.817298173904419,0.0,0.0,10.7480884
0.0009253025054931641,0.8182246685028076,-0.0784532,-0.1569064,9.1790244
0.0009264945983886719,0.8191521167755127,1.1767979999999998,-0.0784532,10.0420096
0.0009272098541259766,0.8200807571411133,-0.1569064,0.0,10.591182
0.0009236335754394531,0.8210053443908691,0.0,0.5491724,10.0420096
0.0009243488311767578,0.8219306468963623,-0.392266,0.0,10.5127288
0.0009236335754394531,0.8228552341461182,0.0,-0.7060788,9.9635564
0.0009253025054931641,0.8237817287445068,0.3138128,0.0,9.649743599999999
0.0009281635284423828,0.8247113227844238,-0.6276256,0.0,10.277369199999999
0.0009262561798095703,0.8256382942199707,0.0,0.0,8.7083052
0.0009272098541259766,0.8265664577484131,0.0,-0.5491724,10.198916
0.0009267330169677734,0.8274943828582764,0.0,0.0,10.0420096
0.0009253025054931641,0.828420877456665,0.5491724,-0.3138128,10.0420096
0.00092315673828125,0.8293452262878418,0.1569064,-0.0784532,9.414383999999998
0.00092315673828125,0.8302695751190186,0.0,0.0,9.9635564
0.00092315673828125,0.831200361251831,0.0,0.0,9.9635564
0.0009276866912841797,0.8321294784545898,-0.7060788,0.0,10.0420096
0.0009267330169677734,0.833057165145874,0.784532,-0.1569064,8.8652116
0.0009264945983886719,0.8339848518371582,0.0,0.0,10.3558224
0.0009279251098632812,0.8349142074584961,0.4707192,0.0,9.649743599999999
0.0009319782257080078,0.8358471393585205,0.4707192,0.0,9.2574776
0.0009257793426513672,0.8367745876312256,-0.4707192,-0.7060788,10.4342756
0.0009272098541259766,0.837702751159668,-0.2353596,0.0,9.414383999999998
0.0009267330169677734,0.8386304378509521,0.6276256,0.0,9.1005712
0.0009279251098632812,0.8395593166351318,-0.1569064,-0.6276256,10.9049948
0.0009267330169677734,0.840487003326416,0.0,0.2353596,9.7281968
0.0009260177612304688,0.841414213180542,-0.3138128,0.0,9.9635564
0.0009260177612304688,0.8423411846160889,0.1569064,0.0,10.0420096
0.0009264945983886719,0.8432691097259521,-0.6276256,0.0,10.1204628
0.0009262561798095703,0.8441967964172363,0.9414384,-0.1569064,9.022118
0.0009226799011230469,0.8451206684112549,0.0,0.2353596,9.7281968
0.0009233951568603516,0.8460452556610107,0.0,0.0,10.983448000000001
0.0009233951568603516,0.8469696044921875,0.0,0.0,10.277369199999999
0.0009267330169677734,0.8478977680206299,0.0,-1.0983448,9.3359308
0.000926971435546875,0.8488256931304932,0.0,-0.4707192,10.6696352
0.0009257793426513672,0.8497524261474609,0.1569064,0.5491724,9.1790244
0.000926971435546875,0.8506805896759033,-0.0784532,-0.2353596,10.9049948
0.0009267330169677734,0.8516085147857666,0.0,-0.392266,9.649743599999999
0.0009264945983886719,0.8525359630584717,0.4707192,-0.392266,9.492837199999999
0.0009267330169677734,0.8534636497497559,0.0,0.2353596,10.1204628
0.000926971435546875,0.8543918132781982,-0.3138128,-0.8629851999999999,9.649743599999999
0.0009276866912841797,0.8553268909454346,0.2353596,-0.3138128,10.0420096
0.000926971435546875,0.856255292892456,-0.392266,0.0,9.9635564
0.0009260177612304688,0.8571822643280029,0.0,-0.6276256,9.80665
0.0009262561798095703,0.8581094741821289,0.0784532,0.0,9.7281968
0.0009264945983886719,0.8590371608734131,0.392266,-0.5491724,9.3359308
0.0009274482727050781,0.8599658012390137,0.0,-0.392266,10.198916
0.00092315673828125,0.8608899116516113,0.784532,0.0,9.9635564
0.0009233951568603516,0.8618142604827881,0.0,0.0,10.0420096
0.0009233951568603516,0.8627393245697021,0.0,-0.5491724,10.4342756
0.0009291172027587891,0.8636693954467773,0.0,-0.6276256,9.8851032
0.0009267330169677734,0.8645970821380615,0.2353596,0.0,9.9635564
0.0009260177612304688,0.8655242919921875,0.0784532,-0.3138128,10.0420096
0.0009272098541259766,0.8664524555206299,0.0,0.0,9.8851032
0.0009264945983886719,0.8673803806304932,0.3138128,-0.4707192,9.3359308
0.0009272098541259766,0.8683085441589355,0.0,0.2353596,9.7281968
0.0009281635284423828,0.8692376613616943,0.0,0.0,9.9635564
0.0009284019470214844,0.8701670169830322,0.3138128,-1.0198916,10.277369199999999
0.0009262561798095703,0.8710949420928955,-0.0784532,0.4707192,9.7281968
0.0009276866912841797,0.8720235824584961,0.0,-0.392266,9.649743599999999
0.0009257793426513672,0.8729503154754639,0.0,-0.784532,9.1790244
0.0009260177612304688,0.8738772869110107,0.0784532,0.6276256,9.7281968
0.0009267330169677734,0.8748054504394531,-0.4707192,-0.7060788,10.8265416
0.000926971435546875,0.8757333755493164,0.392266,-0.3138128,10.0420096
0.0009264945983886719,0.8766610622406006,0.0,0.0,9.9635564
0.0009264945983886719,0.8775887489318848,0.5491724,-0.0784532,9.3359308
0.0009319782257080078,0.8785216808319092,-0.8629851999999999,0.0,9.8851032
0.0009274482727050781,0.879450798034668,0.0,-0.9414384,11.061901200000001
0.0009250640869140625,0.8803770542144775,0.2353596,-0.0784532,9.2574776
0.0009233951568603516,0.8813016414642334,0.0,0.0,9.9635564
0.00092315673828125,0.882225751876831,0.0,0.0,10.9049948
0.00092315673828125,0.8831501007080078,0.784532,0.0,9.649743599999999
0.0009257793426513672,0.8840770721435547,0.0,0.7060788,9.3359308
0.0009264945983886719,0.8850054740905762,0.1569064,-0.392266,10.7480884
0.0009264945983886719,0.8859329223632812,0.1569064,0.0,9.414383999999998
0.0009267330169677734,0.8868608474731445,0.4707192,-0.3138128,9.2574776
0.0009272098541259766,0.887789249420166,0.0,0.0784532,10.0420096
0.0009257793426513672,0.888716459274292,-0.0784532,-0.9414384,9.649743599999999
0.0009262561798095703,0.889643669128418,0.5491724,0.4707192,9.7281968
0.0009262561798095703,0.890571117401123,0.0,-0.392266,10.591182
0.0009267330169677734,0.8914990425109863,0.5491724,-0.0784532,9.3359308
0.0009260177612304688,0.8924262523651123,0.0,-0.1569064,10.591182
0.0009264945983886719,0.8933537006378174,0.5491724,0.3138128,9.414383999999998
0.0009267330169677734,0.8942816257476807,-0.392266,-0.9414384,10.198916
0.0009267330169677734,0.8952093124389648,-0.392266,0.0,9.022118
0.0009272098541259766,0.8961374759674072,0.6276256,0.0,9.492837199999999
0.0009262561798095703,0.8970654010772705,-0.5491724,0.0,10.0420096
0.0009274482727050781,0.897993803024292,0.0784532,-0.0784532,9.414383999999998
0.0009267330169677734,0.8989214897155762,0.0,0.0,9.9635564
0.0009260177612304688,0.8998489379882812,0.4707192,0.0,10.0420096
0.0009264945983886719,0.9007768630981445,-0.5491724,-0.5491724,10.1204628
0.0009267330169677734,0.9017047882080078,0.9414384,-0.4707192,9.3359308
0.0009272098541259766,0.9026393890380859,0.5491724,0.4707192,9.1005712
0.0009348392486572266,0.9035868644714355,0.0,0.0,9.9635564
0.0009298324584960938,0.9045207500457764,0.0,-0.9414384,10.277369199999999
0.0009267330169677734,0.9054486751556396,0.0784532,-0.6276256,9.7281968
0.0009255409240722656,0.9063754081726074,0.0,0.3138128,9.1790244
0.000926971435546875,0.9073038101196289,-0.3138128,-0.6276256,10.983448000000001
0.0009274482727050781,0.9082322120666504,0.0,0.2353596,9.7281968
0.00092315673828125,0.909156322479248,0.0,0.0,9.9635564
0.0009236335754394531,0.910081148147583,-0.1569064,-0.3138128,10.0420096
0.0009233951568603516,0.9110054969787598,0.784532,-0.3138128,10.0420096
0.0009267330169677734,0.911933422088623,0.1569064,0.4707192,9.414383999999998
0.000926971435546875,0.9128618240356445,0.0,-1.0198916,9.9635564
0.0009262561798095703,0.9137890338897705,0.0,0.3138128,8.7867584
0.0009264945983886719,0.9147167205810547,0.0,0.0,10.7480884
0.0009360313415527344,0.9156544208526611,0.0,0.6276256,9.414383999999998
0.0009293556213378906,0.9165849685668945,0.0,-0.3138128,9.022118
0.0009276866912841797,0.9175136089324951,0.1569064,0.0,9.649743599999999
0.0009274482727050781,0.9184422492980957,0.0,-0.5491724,9.80665
0.0009262561798095703,0.9193694591522217,0.392266,-0.0784532,9.1790244
0.0009274482727050781,0.9202983379364014,0.0784532,0.0,10.6696352
0.0009262561798095703,0.9212255477905273,0.3138128,-0.1569064,10.0420096
0.0009262561798095703,0.9221529960632324,0.0,-0.392266,10.277369199999999
0.0009262561798095703,0.9230802059173584,0.0,-0.6276256,9.571290399999999
0.0009274482727050781,0.924008846282959,0.0,0.784532,9.1005712
0.0009226799011230469,0.9249327182769775,0.0784532,0.0,9.9635564
0.0009233951568603516,0.9258627891540527,0.392266,0.1569064,9.3359308
0.0009245872497558594,0.926788330078125,0.0,-0.784532,10.591182
0.0009257793426513672,0.9277157783508301,0.2353596,0.3138128,9.3359308
0.0009274482727050781,0.9286441802978516,-0.2353596,-0.392266,10.983448000000001
