T [sec],t [sec],a_x [m/s2],a_y [m/s2],a_z [m/s2]
0.0009996891021728516,0.001005411148071289,1.1767979999999998,-0.6276256,10.1204628
0.0009398460388183594,0.0019481182098388672,-0.6276256,-1.0198916,9.649743599999999
0.0009295940399169922,0.0028791427612304688,0.4707192,-0.6276256,9.414383999999998
0.0009267330169677734,0.0038073062896728516,0.0,-1.0198916,10.591182
0.0009281635284423828,0.004736661911010742,-0.0784532,-2.3535959999999996,10.0420096
0.0009267330169677734,0.005664825439453125,-0.4707192,-2.2751428,10.3558224
0.0009264945983886719,0.006592273712158203,0.784532,1.4121576,9.1005712
0.0009248256683349609,0.007518291473388672,0.0,1.1767979999999998,10.5127288
0.0009272098541259766,0.008446693420410156,-0.5491724,1.1767979999999998,9.7281968
0.0009257793426513672,0.00937342643737793,-0.4707192,-0.5491724,10.5127288
0.0009262561798095703,0.010300636291503906,0.0,0.0784532,9.9635564
0.0009250640869140625,0.011226654052734375,-0.3138128,0.5491724,9.9635564
0.0009243488311767578,0.01215219497680664,-0.5491724,-1.1767979999999998,10.5127288
0.0009315013885498047,0.013084650039672852,-0.4707192,0.0,9.022118
0.0009288787841796875,0.014014482498168945,0.784532,-1.3337044,10.277369199999999
0.000926971435546875,0.014942407608032227,-0.0784532,2.5105024,8.629852
0.0009284019470214844,0.01587200164794922,-0.8629851999999999,1.3337044,10.4342756
0.0009295940399169922,0.01680278778076172,1.4906107999999998,-0.1569064,10.0420096
0.0009274482727050781,0.017731428146362305,0.0,1.8044235999999998,9.80665
0.0009274482727050781,0.018659591674804688,0.8629851999999999,-1.7259703999999998,10.3558224
0.000926971435546875,0.01958751678466797,-0.3138128,0.2353596,9.649743599999999
0.0009310245513916016,0.020519495010375977,0.2353596,-1.4121576,10.5127288
0.0009329319000244141,0.0214536190032959,0.5491724,-3.530394,10.0420096
0.000926971435546875,0.02238154411315918,0.8629851999999999,0.6276256,7.453054
0.0009279251098632812,0.02331066131591797,0.4707192,0.0,11.454167199999999
0.0009279251098632812,0.024239778518676758,-1.0198916,1.4906107999999998,9.492837199999999
0.000926971435546875,0.02516794204711914,0.0,-0.6276256,10.4342756
0.00093841552734375,0.026107311248779297,0.2353596,-0.3138128,10.3558224
0.0009276866912841797,0.027036190032958984,0.0,0.3138128,9.9635564
0.0009279251098632812,0.027965307235717773,0.0784532,-0.5491724,10.0420096
0.0009291172027587891,0.02889561653137207,-1.2552512,-2.1966896,9.80665
0.0009238719940185547,0.02982044219970703,-0.4707192,0.0784532,9.414383999999998
0.0009253025054931641,0.030746936798095703,0.6276256,-1.4121576,11.2972608
0.0009245872497558594,0.03167247772216797,0.0,2.0397832,9.9635564
0.0009272098541259766,0.032601118087768555,-0.9414384,1.569064,9.7281968
0.0009279251098632812,0.033530473709106445,0.0784532,0.0,9.9635564
0.0009267330169677734,0.03445792198181152,0.784532,1.2552512,9.3359308
0.0009272098541259766,0.035386085510253906,-0.0784532,0.5491724,10.4342756
0.0009274482727050781,0.03631472587585449,0.0,0.2353596,8.5513988
0.0009267330169677734,0.03724217414855957,0.6276256,-2.5105024,10.277369199999999
0.0009274482727050781,0.038170814514160156,0.9414384,-0.9414384,8.9436648
0.0009274482727050781,0.03909921646118164,0.4707192,-0.5491724,9.649743599999999
0.0009267330169677734,0.04002690315246582,1.1767979999999998,1.2552512,8.7867584
0.0009350776672363281,0.040962934494018555,0.0,1.1767979999999998,10.1204628
0.0009272098541259766,0.04189109802246094,0.3138128,-0.784532,10.3558224
0.0009262561798095703,0.042818307876586914,0.6276256,0.2353596,8.8652116
0.0009262561798095703,0.04374527931213379,-1.0983448,-1.4906107999999998,10.6696352
0.0009264945983886719,0.04467272758483887,0.0,-0.6276256,9.3359308
0.0009262561798095703,0.045599937438964844,0.2353596,-2.5105024,9.649743599999999
0.0009257793426513672,0.04652667045593262,0.0,-2.1966896,9.3359308
0.0009260177612304688,0.04745364189147949,0.0,0.0,10.1204628
0.0009284019470214844,0.04838299751281738,-0.3138128,0.2353596,10.983448000000001
0.0009262561798095703,0.04931068420410156,-0.392266,1.1767979999999998,10.0420096
0.0009312629699707031,0.050243377685546875,-0.5491724,0.9414384,9.80665
0.0009253025054931641,0.051169633865356445,0.0,-0.784532,10.3558224
0.0009281635284423828,0.052098989486694336,-1.0198916,0.0784532,9.8851032
0.0009317398071289062,0.05303192138671875,-1.0198916,0.5491724,10.3558224
0.0009272098541259766,0.053960323333740234,-0.392266,-0.6276256,10.0420096
0.0009260177612304688,0.05488753318786621,0.0784532,-1.7259703999999998,9.80665
0.0009267330169677734,0.05581498146057129,1.8044235999999998,0.9414384,9.414383999999998
0.0009264945983886719,0.05674242973327637,0.0,1.8044235999999998,10.6696352
0.0009264945983886719,0.057669878005981445,0.0,0.9414384,9.3359308
0.0009262561798095703,0.05859732627868652,0.0,0.2353596,10.3558224
0.0009260177612304688,0.0595242977142334,0.9414384,0.6276256,8.0022264
0.0009312629699707031,0.06045722961425781,0.0784532,-0.6276256,10.3558224
0.0009272098541259766,0.0613863468170166,0.8629851999999999,1.1767979999999998,10.0420096
0.0009262561798095703,0.06231355667114258,0.3138128,-2.5105024,10.591182
0.0009255409240722656,0.06323957443237305,0.7060788,-2.9812215999999996,9.2574776
0.0009264945983886719,0.06416726112365723,0.5491724,0.5491724,9.414383999999998
0.0009267330169677734,0.0650947093963623,0.0,-0.5491724,10.4342756
0.0009260177612304688,0.06602168083190918,0.0784532,0.6276256,9.649743599999999
0.0009264945983886719,0.06694912910461426,-1.3337044,0.784532,9.7281968
0.0009267330169677734,0.06787657737731934,0.0,-1.6475172,11.6895268
0.0009284019470214844,0.06880593299865723,-0.392266,0.392266,8.394492399999999
0.00092315673828125,0.06972980499267578,0.0784532,-0.2353596,9.649743599999999
0.0009236335754394531,0.07065439224243164,-0.7060788,-1.4906107999999998,10.0420096
0.0009276866912841797,0.07158374786376953,-0.1569064,-0.7060788,9.80665
0.0009260177612304688,0.07251143455505371,0.9414384,-0.6276256,10.0420096
0.0009267330169677734,0.07343935966491699,0.0784532,2.4320492,9.414383999999998
0.0009281635284423828,0.07437610626220703,-1.0198916,1.1767979999999998,10.0420096
0.0009267330169677734,0.07530403137207031,0.4707192,0.1569064,9.022118
0.0009262561798095703,0.07623124122619629,0.5491724,1.8044235999999998,8.7867584
0.0009262561798095703,0.07715845108032227,0.0,0.0,10.277369199999999
0.0009274482727050781,0.07808685302734375,0.0,0.392266,9.3359308
0.000926971435546875,0.07901477813720703,0.0784532,-2.2751428,10.591182
0.0009260177612304688,0.07994198799133301,1.1767979999999998,-2.5105024,9.492837199999999
0.0009272098541259766,0.08087015151977539,0.8629851999999999,0.8629851999999999,9.414383999999998
0.0009260177612304688,0.08179712295532227,0.0784532,0.9414384,9.9635564
0.0009260177612304688,0.08272409439086914,0.0,0.0,10.0420096
0.0009267330169677734,0.08365178108215332,0.6276256,0.0,9.9635564
0.0009267330169677734,0.0845797061920166,0.3138128,0.3138128,9.571290399999999
0.0009262561798095703,0.08550691604614258,-1.0198916,-1.3337044,11.1403544
0.0009300708770751953,0.08643841743469238,-0.1569064,-0.6276256,9.492837199999999
0.0009293556213378906,0.08736920356750488,-0.5491724,-2.2751428,10.9049948
0.0009295940399169922,0.08829975128173828,-0.2353596,-1.96133,10.5127288
0.0009238719940185547,0.08922457695007324,0.7060788,-1.2552512,9.649743599999999
0.0009238719940185547,0.0901494026184082,-0.0784532,1.8828768,10.0420096
0.0009241104125976562,0.09107422828674316,-0.392266,2.0397832,9.1790244
0.0009241104125976562,0.09199953079223633,-0.0784532,-0.0784532,10.0420096
0.0009255409240722656,0.092926025390625,-0.1569064,0.7060788,10.3558224
0.0009272098541259766,0.09385395050048828,-0.7060788,0.0784532,9.9635564
0.000926971435546875,0.09478187561035156,-0.3138128,0.2353596,9.492837199999999
0.0009260177612304688,0.09570908546447754,-0.0784532,-0.784532,10.0420096
0.000926971435546875,0.09663724899291992,0.0,-2.1182364,9.492837199999999
0.0009355545043945312,0.09757399559020996,1.2552512,0.0,10.9049948
0.0009267330169677734,0.09850168228149414,0.4707192,2.9027684,8.7867584
0.0009264945983886719,0.09942913055419922,-0.784532,0.0784532,10.983448000000001
0.0009267330169677734,0.1003568172454834,0.9414384,0.0,9.649743599999999
0.0009293556213378906,0.1012883186340332,0.4707192,0.7060788,8.1591328
0.0009267330169677734,0.10221624374389648,-0.1569064,-0.0784532,10.0420096
0.0009260177612304688,0.10314345359802246,0.3138128,-1.0198916,9.9635564
0.0009264945983886719,0.10407066345214844,1.2552512,-2.0397832,10.591182
0.000926971435546875,0.10499835014343262,-0.6276256,-1.6475172,9.571290399999999
0.0009260177612304688,0.10592532157897949,0.5491724,-0.6276256,9.414383999999998
0.0009267330169677734,0.10685276985168457,0.0784532,0.2353596,10.0420096
0.0009291172027587891,0.10778284072875977,-0.392266,1.569064,10.4342756
0.0009281635284423828,0.10871243476867676,-0.7060788,-0.5491724,11.1403544
0.0009233951568603516,0.10963678359985352,-0.1569064,0.0,9.022118
0.0009236335754394531,0.11056160926818848,0.9414384,0.0,9.649743599999999
0.0009245872497558594,0.11148691177368164,-0.2353596,0.3138128,8.394492399999999
0.0009262561798095703,0.11241388320922852,-1.0983448,-1.1767979999999998,9.1790244
0.0009276866912841797,0.1133425235748291,0.0,-0.5491724,10.0420096
0.0009291172027587891,0.1142728328704834,1.2552512,1.2552512,8.7867584
0.0009291172027587891,0.1152029037475586,-0.0784532,2.1966896,9.571290399999999
0.000926971435546875,0.11613059043884277,-1.0983448,1.8044235999999998,9.8851032
0.000926971435546875,0.11705851554870605,0.1569064,0.6276256,10.277369199999999
0.0009262561798095703,0.11798596382141113,0.784532,0.0,8.4729456
0.0009267330169677734,0.11891365051269531,-0.0784532,0.6276256,10.0420096
0.0009288787841796875,0.11984467506408691,0.0,-0.5491724,9.649743599999999
0.0009276866912841797,0.12078046798706055,1.1767979999999998,0.1569064,9.7281968
0.0009274482727050781,0.12170934677124023,0.0,-3.2165812,9.9635564
0.000926971435546875,0.12263727188110352,0.3138128,-0.6276256,9.022118
0.0009264945983886719,0.1235647201538086,0.0,1.7259703999999998,9.414383999999998
0.0009264945983886719,0.12449264526367188,0.0784532,-0.4707192,11.924886399999998
0.0009257793426513672,0.12541961669921875,-0.0784532,1.3337044,7.5315072
0.0009267330169677734,0.12634730339050293,0.1569064,-1.4906107999999998,11.6110736
0.0009260177612304688,0.1272742748260498,0.5491724,0.1569064,8.9436648
0.0009262561798095703,0.12820124626159668,-1.0983448,-0.4707192,10.0420096
0.0009267330169677734,0.12912893295288086,-0.1569064,-3.138128,11.375713999999999
0.0009260177612304688,0.13005590438842773,-0.7060788,-0.7060788,8.4729456
0.000926971435546875,0.13098382949829102,0.0784532,-0.7060788,10.591182
0.0009260177612304688,0.1319112777709961,-0.7060788,1.6475172,10.0420096
0.0009267330169677734,0.13283896446228027,-0.7060788,1.8044235999999998,10.198916
0.0009264945983886719,0.13376641273498535,-0.6276256,0.0,9.649743599999999
0.0009262561798095703,0.13469362258911133,0.7060788,1.2552512,8.629852
0.0009274482727050781,0.13562226295471191,0.3138128,0.392266,10.983448000000001
0.0009260177612304688,0.1365494728088379,0.0,2.0397832,8.9436648
0.0009262561798095703,0.13747644424438477,0.3138128,-0.9414384,9.1005712
0.0009298324584960938,0.13840794563293457,0.9414384,-3.530394,11.6110736
0.000926971435546875,0.13933682441711426,1.0983448,2.4320492,9.7281968
0.0009257793426513672,0.14026403427124023,0.0,0.1569064,9.9635564
0.0009393692016601562,0.1412045955657959,0.0,-0.3138128,9.649743599999999
0.0009267330169677734,0.14213228225708008,0.8629851999999999,0.5491724,9.571290399999999
0.000926971435546875,0.14306020736694336,0.6276256,-1.0198916,10.277369199999999
0.0009257793426513672,0.14398694038391113,-0.0784532,0.1569064,9.2574776
0.0009355545043945312,0.14492344856262207,0.0,-1.96133,10.8265416
0.0009276866912841797,0.14585232734680176,0.6276256,-1.2552512,10.1204628
0.0009429454803466797,0.14679670333862305,-0.1569064,-2.5889556,10.0420096
0.0009348392486572266,0.14773297309875488,0.6276256,-1.2552512,10.591182
0.0009343624114990234,0.14866852760314941,0.0,1.8044235999999998,8.7867584
0.0009243488311767578,0.14959406852722168,-0.6276256,0.5491724,10.6696352
0.0009260177612304688,0.15052103996276855,-0.9414384,0.2353596,9.1790244
0.0009255409240722656,0.15144777297973633,0.3138128,-0.3138128,10.0420096
0.0009274482727050781,0.15237641334533691,-0.0784532,-0.1569064,10.0420096
0.0009300708770751953,0.15330743789672852,-0.6276256,0.392266,8.7083052
0.0009284019470214844,0.1542370319366455,-0.8629851999999999,-1.96133,10.8265416
0.0009284019470214844,0.1551666259765625,0.4707192,-0.6276256,7.7668668
0.0009281635284423828,0.1560957431793213,0.392266,0.0784532,10.983448000000001
0.0009295940399169922,0.1570265293121338,0.0,2.5105024,8.7083052
0.0009276866912841797,0.15795516967773438,0.0,1.2552512,9.649743599999999
0.000926971435546875,0.15888333320617676,0.5491724,0.5491724,10.0420096
0.000926971435546875,0.15981101989746094,0.0784532,1.4121576,9.1790244
0.0009338855743408203,0.16074705123901367,-0.8629851999999999,-2.3535959999999996,11.2188076
0.0009276866912841797,0.16167640686035156,0.784532,0.1569064,9.414383999999998
0.0009276866912841797,0.16260528564453125,1.1767979999999998,-1.3337044,9.7281968
0.0009274482727050781,0.16353392601013184,0.0,-3.7657536,10.0420096
0.0009272098541259766,0.16446208953857422,0.0,1.4121576,8.7867584
0.0009274482727050781,0.1653904914855957,0.0,-0.4707192,11.2188076
0.000926971435546875,0.16631841659545898,-0.0784532,1.1767979999999998,9.2574776
0.0009272098541259766,0.16724658012390137,0.0,0.0,10.8265416
0.0009281635284423828,0.16817569732666016,0.1569064,-0.6276256,10.1204628
0.0009272098541259766,0.1691129207611084,-0.8629851999999999,-0.8629851999999999,9.9635564
0.0009248256683349609,0.17003846168518066,-0.9414384,-1.569064,9.492837199999999
0.0009250640869140625,0.17096447944641113,-1.4906107999999998,-1.8044235999999998,9.2574776
0.0009241104125976562,0.1718897819519043,0.1569064,-1.8044235999999998,10.0420096
0.0009272098541259766,0.17281818389892578,1.0983448,-0.4707192,9.414383999999998
0.0009276866912841797,0.17374706268310547,-1.0198916,2.2751428,10.198916
0.0009274482727050781,0.17467546463012695,-1.0198916,1.2552512,9.649743599999999
0.0009307861328125,0.17560720443725586,1.0198916,0.5491724,9.414383999999998
0.0009288787841796875,0.17653727531433105,0.5491724,0.5491724,9.571290399999999
0.0009267330169677734,0.17746520042419434,-0.9414384,0.0784532,9.3359308
0.0009281635284423828,0.17839431762695312,0.4707192,1.1767979999999998,8.1591328
0.0009276866912841797,0.1793229579925537,0.4707192,-2.9027684,11.454167199999999
0.0009272098541259766,0.1802511215209961,0.5491724,-0.392266,10.0420096
0.0009365081787109375,0.18118882179260254,0.7060788,0.4707192,9.571290399999999
0.0009276866912841797,0.18211746215820312,0.1569064,0.0,9.1005712
0.0009274482727050781,0.1830458641052246,0.5491724,1.0983448,9.1005712
0.0009272098541259766,0.1839742660522461,0.0,0.0,10.3558224
0.0009267330169677734,0.18490219116210938,0.6276256,-0.6276256,9.492837199999999
0.0009274482727050781,0.18583035469055176,0.0784532,-0.7060788,10.0420096
0.0009329319000244141,0.18676495552062988,0.0,-1.0983448,9.9635564
0.0009284019470214844,0.18769502639770508,0.2353596,-2.1966896,9.649743599999999
0.0009276866912841797,0.18862390518188477,0.0,-1.6475172,10.0420096
0.0009272098541259766,0.18955230712890625,0.6276256,-0.5491724,10.591182
0.0009274482727050781,0.19048094749450684,0.0784532,1.8044235999999998,10.6696352
0.0009272098541259766,0.19140911102294922,-0.0784532,0.4707192,9.571290399999999
0.0009353160858154297,0.19234561920166016,-0.9414384,0.3138128,8.7867584
0.0009264945983886719,0.19327306747436523,0.7060788,0.3138128,10.1204628
0.0009279251098632812,0.19420194625854492,-1.3337044,0.7060788,10.3558224
0.000926971435546875,0.1951298713684082,-0.0784532,0.1569064,9.492837199999999
0.0009272098541259766,0.19605779647827148,0.0,-1.3337044,10.1204628
0.0009279251098632812,0.19698667526245117,0.3138128,-1.2552512,9.3359308
0.0009272098541259766,0.19791460037231445,0.5491724,1.7259703999999998,9.7281968
0.000926971435546875,0.19884252548217773,0.0,0.5491724,10.5127288
0.000926971435546875,0.19977068901062012,0.9414384,1.2552512,8.7867584
0.000926971435546875,0.2006983757019043,0.2353596,0.8629851999999999,9.9635564
0.0009262561798095703,0.20162558555603027,0.5491724,0.0,9.3359308
0.000926971435546875,0.20255327224731445,0.0,0.392266,10.3558224
0.0009274482727050781,0.20348191261291504,0.6276256,-1.0983448,10.4342756
0.0009279251098632812,0.20441079139709473,0.9414384,-1.4121576,8.5513988
0.0009274482727050781,0.2053389549255371,0.0784532,-3.138128,10.591182
0.0009272098541259766,0.2062671184539795,0.0,0.2353596,9.492837199999999
0.0009276866912841797,0.20719575881958008,0.784532,1.96133,9.022118
0.000926971435546875,0.20812344551086426,-1.2552512,-0.7060788,12.4740588
0.0009281635284423828,0.20905280113220215,-0.5491724,0.3138128,8.629852
0.0009241104125976562,0.2099778652191162,0.2353596,0.0784532,11.1403544
0.0009288787841796875,0.2109076976776123,0.0,0.5491724,9.571290399999999
0.0009267330169677734,0.21183562278747559,-0.0784532,-0.1569064,10.0420096
0.0009272098541259766,0.21276402473449707,-1.0983448,-1.96133,10.7480884
0.0009272098541259766,0.21369218826293945,0.0784532,-1.4121576,9.022118
0.000926971435546875,0.21462011337280273,0.0,1.0198916,9.80665
0.0009276866912841797,0.21555614471435547,-1.0983448,1.569064,9.9635564
0.0009326934814453125,0.2164909839630127,-0.9414384,1.7259703999999998,9.2574776
0.0009272098541259766,0.2174205780029297,1.2552512,0.392266,9.2574776
0.0009267330169677734,0.21834826469421387,0.5491724,0.784532,9.80665
0.0009264945983886719,0.21927595138549805,-1.1767979999999998,-0.5491724,10.4342756
0.000926971435546875,0.22020435333251953,0.5491724,-0.1569064,8.7867584
0.0009284019470214844,0.22113347053527832,0.5491724,-1.3337044,9.8851032
0.0009279251098632812,0.2220625877380371,0.7060788,-1.8828768,9.1005712
0.0009274482727050781,0.2229907512664795,0.0,0.8629851999999999,9.9635564
0.0009272098541259766,0.22391915321350098,0.4707192,0.9414384,9.022118
0.0009276866912841797,0.22484779357910156,0.0,0.0,10.8265416
0.0009286403656005859,0.22577786445617676,0.1569064,0.3138128,9.414383999999998
0.0009272098541259766,0.22670602798461914,0.0,-0.8629851999999999,10.277369199999999
0.0009267330169677734,0.22763371467590332,-0.7060788,-0.0784532,10.0420096
0.0009288787841796875,0.22856354713439941,-0.0784532,-1.3337044,10.9049948
0.0009248256683349609,0.22948932647705078,0.0,-1.96133,9.1005712
0.0009248256683349609,0.23041510581970215,0.0,-2.7458620000000002,10.591182
0.0009241104125976562,0.2313399314880371,0.3138128,0.6276256,9.022118
0.0009243488311767578,0.23226547241210938,-0.6276256,1.4121576,10.6696352
0.0009415149688720703,0.23320841789245605,-0.4707192,1.4906107999999998,9.9635564
0.0009272098541259766,0.23413634300231934,0.4707192,0.0,9.492837199999999
0.0009276866912841797,0.23506498336791992,-0.2353596,0.5491724,10.0420096
0.0009274482727050781,0.2359936237335205,-0.3138128,0.3138128,9.80665
0.0009276866912841797,0.2369222640991211,-1.1767979999999998,-0.7060788,9.9635564
0.0009307861328125,0.2378544807434082,0.0,-1.0983448,8.0806796
0.0009291172027587891,0.2387845516204834,0.784532,-0.7060788,9.492837199999999
0.0009348392486572266,0.23972082138061523,1.2552512,0.8629851999999999,9.7281968
0.0009279251098632812,0.24064993858337402,0.5491724,2.4320492,8.5513988
0.0009279251098632812,0.2415788173675537,-0.6276256,-1.1767979999999998,11.2188076
0.0009272098541259766,0.2425072193145752,1.1767979999999998,1.1767979999999998,7.84532
0.0009272098541259766,0.24343562126159668,0.4707192,-0.7060788,10.591182
0.0009276866912841797,0.24436426162719727,-0.0784532,-0.3138128,9.649743599999999
0.0009274482727050781,0.24529290199279785,-0.392266,-1.0198916,9.9635564
0.0009272098541259766,0.24622106552124023,0.7060788,-2.9812215999999996,10.0420096
0.0009274482727050781,0.24714946746826172,-0.3138128,-1.2552512,9.2574776
0.000926971435546875,0.2480776309967041,0.784532,-0.784532,9.3359308
0.0009262561798095703,0.24900484085083008,0.0,1.0983448,10.5127288
0.0009293556213378906,0.2499539852142334,0.392266,0.6276256,10.1204628
0.0009257793426513672,0.2508821487426758,-0.0784532,-0.784532,10.277369199999999
0.0009241104125976562,0.25180745124816895,0.0,1.6475172,9.1005712
0.0009274482727050781,0.25273633003234863,0.0784532,-0.7060788,10.6696352
0.0009286403656005859,0.25366663932800293,-0.6276256,-0.9414384,9.492837199999999
0.0009276866912841797,0.2545952796936035,-1.1767979999999998,-0.8629851999999999,9.8851032
0.0009281635284423828,0.2555243968963623,0.9414384,-1.4121576,9.492837199999999
0.0009276866912841797,0.256453275680542,0.1569064,1.4906107999999998,9.492837199999999
0.0009272098541259766,0.2573816776275635,-0.392266,1.569064,10.0420096
0.0009267330169677734,0.25830960273742676,-0.8629851999999999,0.5491724,10.983448000000001
0.000926971435546875,0.25923752784729004,1.569064,1.8828768,8.0806796
0.000926971435546875,0.2601656913757324,0.2353596,-0.392266,10.6696352
0.0009276866912841797,0.261094331741333,-0.6276256,0.0784532,9.9635564
0.0009279251098632812,0.2620232105255127,0.3138128,-1.3337044,9.8851032
0.0009326934814453125,0.2629570960998535,1.1767979999999998,-2.1182364,10.277369199999999
0.0009284019470214844,0.2638866901397705,1.4906107999999998,-0.7060788,8.9436648
0.0009276866912841797,0.2648153305053711,-0.1569064,-1.4906107999999998,11.2188076
0.0009272098541259766,0.2657439708709717,0.0,2.1182364,8.5513988
0.0009267330169677734,0.26667165756225586,0.0,-1.7259703999999998,11.532620399999999
0.0009274482727050781,0.26760029792785645,0.0,1.7259703999999998,7.5315072
0.0009279251098632812,0.26852941513061523,0.0,-1.7259703999999998,12.003339599999999
0.0009272098541259766,0.2694575786590576,0.0,-0.0784532,10.0420096
0.0009274482727050781,0.2703862190246582,0.0,-2.2751428,10.591182
0.000926971435546875,0.2713141441345215,-0.3138128,-0.2353596,10.0420096
0.0009293556213378906,0.2722444534301758,0.0,-1.96133,11.532620399999999
0.0009288787841796875,0.2731747627258301,0.3138128,0.784532,8.629852
0.0009279251098632812,0.27410364151000977,-0.5491724,1.4906107999999998,10.591182
0.0009267330169677734,0.27503108978271484,-0.1569064,1.569064,8.8652116
0.0009272098541259766,0.2759592533111572,0.2353596,0.392266,10.0420096
0.0009279251098632812,0.2768881320953369,0.392266,0.4707192,9.649743599999999
0.0009267330169677734,0.2778158187866211,-0.3138128,0.9414384,10.0420096
0.0009272098541259766,0.2787439823150635,-0.7060788,0.0784532,9.2574776
0.0009274482727050781,0.27967286109924316,0.5491724,-1.8828768,9.3359308
0.0009276866912841797,0.28060150146484375,1.1767979999999998,-2.3535959999999996,10.983448000000001
0.0009272098541259766,0.28152990341186523,0.4707192,1.569064,8.237585999999999
0.0009264945983886719,0.2824573516845703,0.3138128,0.2353596,9.9635564
0.0009264945983886719,0.2833847999572754,1.0983448,0.0784532,9.3359308
0.0009281635284423828,0.2843139171600342,0.0,1.0983448,9.1005712
0.0009267330169677734,0.28524160385131836,0.8629851999999999,-1.0983448,10.8265416
0.0009272098541259766,0.28616976737976074,0.0,-1.4906107999999998,9.80665
0.0009336471557617188,0.2871115207672119,0.0,-1.4906107999999998,10.5127288
0.0009286403656005859,0.2880415916442871,0.6276256,-2.5105024,10.591182
0.0009260177612304688,0.2889688014984131,0.0,-1.96133,10.0420096
0.0009241104125976562,0.28989386558532715,0.0,-1.6475172,10.9049948
0.0009243488311767578,0.2908189296722412,0.0,1.7259703999999998,9.649743599999999
0.0009238719940185547,0.2917439937591553,-0.3138128,0.0,10.277369199999999
0.0009264945983886719,0.29267168045043945,0.5491724,-0.1569064,10.0420096
0.0009284019470214844,0.29360127449035645,-0.392266,0.392266,10.5127288
0.0009274482727050781,0.29452991485595703,-1.1767979999999998,-1.4121576,9.571290399999999
0.0009274482727050781,0.2954583168029785,0.1569064,0.0,8.7867584
0.0009274482727050781,0.2963871955871582,-0.6276256,-0.9414384,9.8851032
0.0009484291076660156,0.29733729362487793,0.9414384,-1.4121576,10.0420096
0.000993967056274414,0.29833388328552246,0.0,1.2552512,9.649743599999999
0.0009834766387939453,0.2993197441101074,-1.0198916,0.784532,10.198916
0.0009341239929199219,0.30025529861450195,0.392266,0.0,8.8652116
0.0010089874267578125,0.3012659549713135,0.8629851999999999,1.0983448,8.4729456
0.0009922981262207031,0.3022592067718506,-0.392266,0.0,11.2188076
0.0009305477142333984,0.3031907081604004,0.1569064,-0.1569064,9.414383999999998
0.0009293556213378906,0.3041214942932129,1.2552512,-2.1966896,10.277369199999999
0.0009295940399169922,0.3050522804260254,0.0,-3.6873004,9.9635564
0.0009274482727050781,0.3059806823730469,0.0,0.2353596,8.0022264
0.0009295940399169922,0.3069114685058594,0.784532,-0.784532,10.8265416
0.000926971435546875,0.30784058570861816,-0.1569064,1.2552512,10.277369199999999
0.0009284019470214844,0.30877041816711426,0.0784532,-0.7060788,9.8851032
0.0009319782257080078,0.30970311164855957,0.1569064,-0.4707192,10.0420096
0.0009465217590332031,0.3106508255004883,-0.0784532,0.9414384,8.9436648
0.0009300708770751953,0.3115823268890381,-0.7060788,-0.7060788,10.8265416
0.0009293556213378906,0.3125128746032715,-0.8629851999999999,-0.6276256,9.022118
0.0009267330169677734,0.31344056129455566,-0.4707192,-0.7060788,9.9635564
0.0009276866912841797,0.31436920166015625,0.2353596,0.0784532,9.7281968
0.0009274482727050781,0.31529784202575684,-0.9414384,1.2552512,10.6696352
0.0009291172027587891,0.31622791290283203,-1.1767979999999998,1.3337044,9.414383999999998
0.0009300708770751953,0.31715893745422363,0.0,1.8044235999999998,8.4729456
0.0009264945983886719,0.3180863857269287,1.0983448,-0.6276256,10.591182
0.0009267330169677734,0.3190140724182129,0.0,1.8044235999999998,8.4729456
0.0009276866912841797,0.3199427127838135,-0.1569064,-0.3138128,9.9635564
0.0009281635284423828,0.32087182998657227,0.0784532,-1.7259703999999998,10.0420096
0.0009272098541259766,0.32180023193359375,0.3138128,-2.1182364,9.9635564
0.000926971435546875,0.32272815704345703,1.1767979999999998,1.4906107999999998,9.1005712
0.0009276866912841797,0.3236570358276367,0.1569064,0.0,10.591182
0.0009276866912841797,0.3245854377746582,0.5491724,0.784532,8.9436648
0.000926971435546875,0.3255136013031006,0.6276256,-0.6276256,10.591182
0.0009267330169677734,0.32644128799438477,0.2353596,-0.0784532,9.492837199999999
0.0009279251098632812,0.32737016677856445,-0.4707192,-1.3337044,11.2188076
0.0009360313415527344,0.3283095359802246,-0.1569064,-0.7060788,9.571290399999999
0.0009293556213378906,0.3292415142059326,0.3138128,-2.4320492,9.80665
0.0009274482727050781,0.3301701545715332,-0.0784532,-1.8044235999999998,8.7867584
0.0009305477142333984,0.331101655960083,0.0,-0.7060788,10.6696352
0.0009279251098632812,0.3320305347442627,0.2353596,1.4906107999999998,10.3558224
0.0009410381317138672,0.33297252655029297,-0.6276256,1.2552512,10.591182
0.0009305477142333984,0.333904504776001,-0.784532,0.0,10.9049948
0.0009317398071289062,0.3348500728607178,0.2353596,0.7060788,9.571290399999999
0.0009279251098632812,0.33577942848205566,0.4707192,0.6276256,9.414383999999998
0.0009291172027587891,0.33670973777770996,-0.8629851999999999,-0.0784532,10.3558224
0.000926971435546875,0.33763813972473145,-0.6276256,-1.4906107999999998,9.649743599999999
0.0009276866912841797,0.33856678009033203,1.1767979999999998,-1.3337044,9.1790244
0.0009279251098632812,0.3394956588745117,0.2353596,1.0198916,10.277369199999999
0.0009284019470214844,0.3404250144958496,-0.0784532,1.2552512,10.0420096
0.000926971435546875,0.3413529396057129,0.0,1.1767979999999998,9.9635564
0.000926971435546875,0.34228086471557617,1.2552512,1.2552512,9.649743599999999
0.0009267330169677734,0.34320878982543945,0.5491724,-0.392266,9.414383999999998
0.0009274482727050781,0.34413719177246094,-0.6276256,-0.8629851999999999,9.3359308
0.000926971435546875,0.3450651168823242,0.3138128,0.392266,10.0420096
0.0009274482727050781,0.3459937572479248,0.6276256,-2.1182364,10.1204628
0.0009276866912841797,0.3469223976135254,0.4707192,-1.8828768,9.1005712
0.000926971435546875,0.3478505611419678,0.8629851999999999,0.0,9.9635564
0.0009281635284423828,0.34877967834472656,-0.2353596,1.4906107999999998,9.414383999999998
0.000926971435546875,0.34970808029174805,-0.5491724,-0.1569064,11.2188076
0.0009274482727050781,0.35063648223876953,-0.5491724,0.0,9.1790244
0.0009267330169677734,0.3515644073486328,0.5491724,0.0,10.6696352
0.0009272098541259766,0.3524925708770752,-0.9414384,0.2353596,10.1204628
0.0009274482727050781,0.3534209728240967,-0.3138128,-0.9414384,9.414383999999998
0.0009272098541259766,0.35434937477111816,-1.0983448,-1.96133,10.5127288
0.000926971435546875,0.35527729988098145,0.4707192,-0.784532,9.022118
0.000926971435546875,0.3562052249908447,0.8629851999999999,-0.0784532,10.0420096
0.0009279251098632812,0.3571343421936035,-1.1767979999999998,1.1767979999999998,10.591182
0.0009272098541259766,0.35806846618652344,-0.7060788,1.8828768,9.414383999999998
0.0009279251098632812,0.3589975833892822,0.392266,0.0,10.5127288
0.000926971435546875,0.3599257469177246,0.3138128,1.4121576,8.7083052
0.0009324550628662109,0.36085939407348633,-0.6276256,0.5491724,10.277369199999999
0.0009312629699707031,0.36179208755493164,0.0,-1.0983448,10.277369199999999
0.0009307861328125,0.36272406578063965,0.5491724,-1.8828768,9.3359308
0.0009272098541259766,0.36365246772766113,0.1569064,-1.0198916,9.7281968
0.0009281635284423828,0.3645815849304199,1.2552512,0.3138128,10.198916
0.000926971435546875,0.3655097484588623,0.0,1.1767979999999998,9.571290399999999
0.0009274482727050781,0.3664383888244629,0.0,-1.6475172,10.277369199999999
0.0009264945983886719,0.36736559867858887,0.784532,1.8828768,9.1005712
0.0009276866912841797,0.36829423904418945,0.0,-1.2552512,11.375713999999999
0.000926971435546875,0.36922192573547363,-0.6276256,0.1569064,9.022118
0.0009274482727050781,0.3701503276824951,0.0,-1.569064,10.9049948
0.0009274482727050781,0.3710789680480957,-0.392266,-1.8044235999999998,10.0420096
0.0009274482727050781,0.3720073699951172,0.1569064,-2.1182364,10.3558224
0.0009322166442871094,0.3729538917541504,0.4707192,0.0,9.3359308
0.0009293556213378906,0.3738846778869629,-1.0198916,1.2552512,10.1204628
0.000926971435546875,0.3748128414154053,-0.7060788,1.4906107999999998,9.9635564
0.0009272098541259766,0.37574076652526855,0.0,-0.784532,9.492837199999999
0.0009279251098632812,0.37666964530944824,0.784532,1.0983448,9.414383999999998
0.0009274482727050781,0.3775980472564697,-0.9414384,0.2353596,11.2188076
0.0009272098541259766,0.3785262107849121,0.0784532,0.5491724,9.1790244
0.0009274482727050781,0.3794548511505127,0.0,-1.96133,9.9635564
0.0009279251098632812,0.3803837299346924,1.1767979999999998,-0.7060788,9.022118
0.0009272098541259766,0.38131165504455566,0.8629851999999999,1.7259703999999998,11.2188076
0.0009276866912841797,0.3822455406188965,0.9414384,1.8044235999999998,8.7867584
0.0009274482727050781,0.38317418098449707,0.0,-0.9414384,11.2188076
0.0009267330169677734,0.38410186767578125,1.4121576,1.2552512,7.7668668
0.0009281635284423828,0.38503122329711914,0.7060788,-1.3337044,9.9635564
0.000926971435546875,0.3859591484069824,0.1569064,0.3138128,10.0420096
0.0009274482727050781,0.386887788772583,0.0,-1.3337044,10.4342756
0.0009281635284423828,0.3878169059753418,0.784532,-3.6873004,9.80665
0.0009288787841796875,0.388746976852417,0.0,-0.7060788,9.571290399999999
0.0009238719940185547,0.38967180252075195,-0.0784532,-0.3138128,9.649743599999999
0.0009236335754394531,0.3905963897705078,0.0784532,0.5491724,10.0420096
0.0009272098541259766,0.3915245532989502,-0.1569064,1.2552512,9.2574776
0.0009307861328125,0.3924567699432373,0.4707192,-0.4707192,9.2574776
0.0009276866912841797,0.3933854103088379,0.0,0.784532,10.591182
0.0009279251098632812,0.3943142890930176,-0.7060788,-0.5491724,9.80665
0.0009272098541259766,0.39524245262145996,-0.9414384,-0.0784532,9.3359308
0.0009279251098632812,0.39617133140563965,-1.1767979999999998,-1.96133,10.8265416
0.0009274482727050781,0.39709973335266113,0.3138128,-1.2552512,9.649743599999999
0.000926971435546875,0.3980278968811035,0.8629851999999999,2.4320492,8.9436648
0.0009272098541259766,0.398956298828125,-1.1767979999999998,0.0,12.4740588
0.000926971435546875,0.3998842239379883,0.2353596,2.5105024,8.7867584
0.0009267330169677734,0.40081214904785156,0.2353596,0.0,10.6696352
0.0009274482727050781,0.40174031257629395,0.5491724,0.6276256,7.7668668
0.0009267330169677734,0.4026679992675781,-0.7060788,0.0,10.4342756
0.0009272098541259766,0.4035964012145996,0.0,-1.569064,9.649743599999999
0.0009274482727050781,0.4045248031616211,0.784532,-2.5105024,9.8851032
0.000934600830078125,0.4054605960845947,0.5491724,-0.3138128,8.4729456
0.0009279251098632812,0.4063897132873535,0.0,-0.8629851999999999,9.8851032
0.0009272098541259766,0.407318115234375,0.784532,1.8044235999999998,8.7867584
0.0009272098541259766,0.4082462787628174,-0.5491724,-1.4121576,12.552512
0.0009253025054931641,0.40917253494262695,-0.0784532,0.4707192,8.0806796
0.0009248256683349609,0.4100985527038574,0.8629851999999999,-0.9414384,10.0420096
0.0009241104125976562,0.4110236167907715,0.0,1.1767979999999998,9.2574776
0.0009241104125976562,0.41194915771484375,-0.8629851999999999,-0.392266,10.5127288
0.0009281635284423828,0.41287827491760254,-0.5491724,-3.3734876000000003,12.081792799999999
0.0009288787841796875,0.41380834579467773,0.0,-0.392266,9.414383999999998
0.0009281635284423828,0.4147374629974365,0.6276256,0.6276256,10.1204628
0.0009267330169677734,0.4156651496887207,-0.8629851999999999,1.8044235999999998,10.0420096
0.0009267330169677734,0.4165928363800049,-0.2353596,1.3337044,9.9635564
0.0009274482727050781,0.41752123832702637,0.0,0.0784532,9.571290399999999
0.000926971435546875,0.41844916343688965,0.7060788,1.2552512,9.414383999999998
0.0009267330169677734,0.41937685012817383,-1.0198916,0.2353596,10.983448000000001
0.0009276866912841797,0.4203054904937744,-0.6276256,0.3138128,8.7083052
0.0009274482727050781,0.4212338924407959,0.2353596,-1.0198916,9.414383999999998
0.000926971435546875,0.4221618175506592,0.6276256,-2.2751428,11.532620399999999
0.0009272098541259766,0.42309045791625977,1.6475172,2.8243152,9.414383999999998
0.0009260177612304688,0.42401742935180664,0.0,0.392266,10.0420096
0.0009484291076660156,0.4249720573425293,0.4707192,0.0,9.649743599999999
0.0009317398071289062,0.4259066581726074,0.4707192,0.392266,9.7281968
0.0009303092956542969,0.4268379211425781,0.0784532,-1.6475172,12.2386992
0.000926971435546875,0.4277660846710205,-0.8629851999999999,0.0,8.5513988
0.0009286403656005859,0.4286961555480957,0.5491724,-1.8828768,10.983448000000001
0.0009248256683349609,0.4296278953552246,0.2353596,-1.569064,8.237585999999999
0.0009245872497558594,0.4305534362792969,0.5491724,-1.96133,10.0420096
0.0009238719940185547,0.43147826194763184,0.0784532,0.5491724,9.80665
0.0009257793426513672,0.4324049949645996,-0.7060788,2.1182364,10.5127288
0.0009284019470214844,0.4333345890045166,-0.0784532,-0.5491724,10.9049948
0.0009272098541259766,0.4342629909515381,-0.392266,1.1767979999999998,8.629852
0.0009276866912841797,0.43519163131713867,0.0784532,-0.6276256,10.591182
0.000926971435546875,0.43611955642700195,-1.4121576,-0.784532,10.3558224
0.0009274482727050781,0.43704795837402344,-0.5491724,0.0,8.7083052
0.000926971435546875,0.4379761219024658,-0.4707192,-1.8828768,10.198916
0.0009264945983886719,0.4389035701751709,0.8629851999999999,-0.784532,8.4729456
0.0009267330169677734,0.4398312568664551,0.0,0.784532,10.7480884
0.0009267330169677734,0.44075894355773926,-0.0784532,2.3535959999999996,8.5513988
0.0009262561798095703,0.44168663024902344,0.392266,0.8629851999999999,10.5127288
0.0009267330169677734,0.4426143169403076,0.9414384,0.1569064,9.1790244
0.0009264945983886719,0.4435420036315918,0.5491724,1.0198916,8.7867584
0.000926971435546875,0.4444699287414551,-1.0198916,-1.4906107999999998,10.6696352
0.0009267330169677734,0.44539785385131836,1.0198916,0.1569064,9.2574776
0.0009264945983886719,0.44632530212402344,0.9414384,-1.96133,10.3558224
0.0009274482727050781,0.4472537040710449,0.392266,-2.3535959999999996,9.9635564
0.0009276866912841797,0.4481823444366455,0.0,1.1767979999999998,8.9436648
0.0009253025054931641,0.4491088390350342,1.0983448,0.7060788,10.4342756
0.0009245872497558594,0.45003414154052734,-0.2353596,0.784532,10.0420096
0.0009243488311767578,0.4509594440460205,-0.3138128,-0.4707192,9.9635564
0.0009241104125976562,0.45188450813293457,0.3138128,-1.2552512,11.6110736
0.0009260177612304688,0.452817440032959,-0.4707192,1.2552512,8.0806796
0.0009288787841796875,0.4537472724914551,-0.1569064,-2.5105024,11.532620399999999
0.0009279251098632812,0.45467615127563477,-1.3337044,-1.3337044,9.8851032
0.0009305477142333984,0.45560789108276367,0.3138128,-2.1966896,10.1204628
0.0009300708770751953,0.4565389156341553,0.9414384,0.6276256,8.5513988
0.0009262561798095703,0.45746612548828125,-0.8629851999999999,1.8044235999999998,10.3558224
0.000926971435546875,0.45839405059814453,-0.2353596,1.4906107999999998,9.9635564
0.000926971435546875,0.4593222141265869,0.0784532,0.5491724,9.492837199999999
0.0009264945983886719,0.460249662399292,0.2353596,0.0,10.6696352
0.0009274482727050781,0.4611780643463135,-1.1767979999999998,0.392266,8.237585999999999
0.0009267330169677734,0.46210575103759766,0.784532,-0.5491724,9.3359308
0.0009310245513916016,0.46303796768188477,0.9414384,-3.138128,10.9049948
0.0009272098541259766,0.46396589279174805,1.0198916,-0.392266,9.492837199999999
0.0009262561798095703,0.464893102645874,0.3138128,1.2552512,9.3359308
0.0009260177612304688,0.4658203125,0.5491724,0.5491724,10.0420096
0.0009276866912841797,0.4667491912841797,0.2353596,0.2353596,9.7281968
0.0009267330169677734,0.46767687797546387,1.2552512,-0.6276256,9.80665
0.000926971435546875,0.46860527992248535,0.4707192,0.4707192,9.1005712
0.0009267330169677734,0.46953296661376953,-0.1569064,-1.6475172,11.2188076
0.0009267330169677734,0.4704606533050537,0.5491724,-0.2353596,9.1005712
0.000926971435546875,0.471388578414917,-0.7060788,-3.2165812,11.454167199999999
0.0009279251098632812,0.4723176956176758,0.3138128,-1.2552512,8.629852
0.0009262561798095703,0.47324514389038086,0.4707192,0.0784532,11.1403544
0.0009267330169677734,0.47417259216308594,-1.0983448,1.1767979999999998,10.0420096
0.0009264945983886719,0.4751007556915283,-0.7060788,1.2552512,9.022118
0.0009264945983886719,0.4760279655456543,0.0,0.4707192,10.3558224
0.000934600830078125,0.47697019577026367,0.5491724,1.0198916,10.198916
0.000926971435546875,0.47789788246154785,-1.1767979999999998,0.7060788,10.198916
0.0009272098541259766,0.47882652282714844,-0.9414384,-1.2552512,9.7281968
0.000926971435546875,0.4797542095184326,0.0,-0.0784532,8.4729456
0.0009284019470214844,0.4806835651397705,0.9414384,-2.1182364,10.591182
0.0009260177612304688,0.4816105365753174,0.0,2.4320492,9.7281968
0.0009264945983886719,0.48253798484802246,0.6276256,1.3337044,9.9635564
0.0009264945983886719,0.48346567153930664,0.6276256,0.6276256,10.0420096
0.000934600830078125,0.4844017028808594,0.0,1.8044235999999998,9.414383999999998
0.0009279251098632812,0.48533177375793457,0.0,-0.784532,10.277369199999999
0.0009267330169677734,0.48625969886779785,-0.0784532,0.0,9.571290399999999
0.000926971435546875,0.48718786239624023,0.5491724,0.2353596,10.0420096
0.0009303092956542969,0.48811936378479004,0.392266,-3.8442068,9.9635564
0.0009264945983886719,0.4890468120574951,0.0,-1.7259703999999998,9.414383999999998
0.0009236335754394531,0.489971399307251,-0.6276256,-0.6276256,10.591182
0.0009241104125976562,0.49089646339416504,0.0,0.784532,9.3359308
0.0009241104125976562,0.4918215274810791,-0.3138128,-0.9414384,10.591182
0.0009264945983886719,0.4927489757537842,0.3138128,0.0,8.0806796
0.0009276866912841797,0.49367809295654297,0.0,-0.7060788,11.532620399999999
0.000926971435546875,0.49460601806640625,-1.1767979999999998,0.0,8.0806796
0.0009267330169677734,0.49553346633911133,-0.784532,-2.1966896,10.6696352
0.0009276866912841797,0.4964625835418701,0.1569064,-0.5491724,8.7867584
0.0009264945983886719,0.4973900318145752,0.6276256,-2.5105024,11.6895268
0.0009264945983886719,0.49831724166870117,0.392266,2.8243152,8.316039199999999
0.0009264945983886719,0.49924492835998535,-1.2552512,1.4906107999999998,11.76798
0.0009338855743408203,0.5001800060272217,-0.3138128,0.6276256,9.3359308
0.0009281635284423828,0.5011093616485596,1.0983448,0.3138128,9.3359308
0.000926971435546875,0.5020372867584229,0.0,1.1767979999999998,9.7281968
0.0009264945983886719,0.5029647350311279,-0.1569064,0.784532,9.492837199999999
0.0009274482727050781,0.5038933753967285,0.0,-0.392266,10.6696352
0.000926971435546875,0.5048213005065918,0.9414384,-2.8243152,10.591182
0.0009264945983886719,0.5057487487792969,0.5491724,0.2353596,8.4729456
0.0009267330169677734,0.506676435470581,0.5491724,0.0,10.9049948
0.0009272098541259766,0.5076048374176025,-0.3138128,1.2552512,8.7083052
0.0009279251098632812,0.5085337162017822,1.1767979999999998,0.0,10.277369199999999
0.00092315673828125,0.5094578266143799,0.0,0.0,9.9635564
0.0009238719940185547,0.510382890701294,0.0,-0.8629851999999999,10.7480884
0.0009238719940185547,0.5113077163696289,-1.0198916,-1.3337044,10.277369199999999
0.0009243488311767578,0.5122332572937012,-0.6276256,-1.4906107999999998,9.9635564
0.0009281635284423828,0.5131626129150391,-0.9414384,-3.530394,10.4342756
0.000926971435546875,0.5140905380249023,0.0784532,-1.3337044,10.277369199999999
0.000926971435546875,0.5150184631347656,0.6276256,0.0,10.9049948
0.0009300708770751953,0.5159497261047363,-0.8629851999999999,1.569064,10.0420096
0.0009281635284423828,0.5168790817260742,0.392266,1.2552512,8.7867584
0.0009272098541259766,0.5178074836730957,0.0,0.0,10.5127288
0.0009264945983886719,0.5187349319458008,-0.1569064,0.0,9.649743599999999
0.0009264945983886719,0.5196623802185059,-0.7060788,0.7060788,9.1005712
0.0009272098541259766,0.5205905437469482,-0.7060788,0.0,9.8851032
0.0009262561798095703,0.5215177536010742,0.0,-1.8828768,9.8851032
0.0009267330169677734,0.5224456787109375,0.784532,-1.0983448,9.2574776
0.0009267330169677734,0.5233733654022217,0.8629851999999999,2.4320492,10.4342756
0.000926971435546875,0.5243065357208252,0.0,1.6475172,8.9436648
0.0009267330169677734,0.5252344608306885,-0.6276256,-1.2552512,10.9049948
0.0009262561798095703,0.5261616706848145,1.569064,1.8828768,6.668522
0.0009267330169677734,0.5270893573760986,0.3138128,-1.3337044,11.454167199999999
0.0009262561798095703,0.5280165672302246,0.0,0.6276256,9.649743599999999
0.000926971435546875,0.528944730758667,0.5491724,-0.1569064,8.4729456
0.0009272098541259766,0.5298726558685303,1.3337044,-4.0795664,11.061901200000001
0.0009272098541259766,0.5308008193969727,-0.3138128,0.0,8.7867584
0.0009264945983886719,0.5317287445068359,0.5491724,-0.8629851999999999,10.6696352
0.000926971435546875,0.5326566696166992,-0.7060788,1.0198916,9.9635564
0.000926971435546875,0.5335845947265625,-0.3138128,0.6276256,9.2574776
0.0009272098541259766,0.534512996673584,0.0,-1.3337044,10.7480884
0.0009264945983886719,0.5354404449462891,0.0,0.392266,9.3359308
0.000926971435546875,0.5363683700561523,0.392266,-0.1569064,9.649743599999999
0.0009267330169677734,0.5372960567474365,-1.4906107999999998,-0.8629851999999999,10.3558224
0.0009267330169677734,0.5382239818572998,-0.3138128,-1.2552512,10.0420096
0.0009267330169677734,0.539151668548584,0.8629851999999999,-0.4707192,10.0420096
0.0009264945983886719,0.5400791168212891,-0.1569064,0.9414384,9.649743599999999
0.000926971435546875,0.5410070419311523,-0.2353596,2.8243152,8.7867584
0.0009267330169677734,0.5419349670410156,-0.2353596,0.5491724,10.6696352
0.0009267330169677734,0.5428626537322998,0.6276256,1.0198916,9.3359308
0.0009272098541259766,0.5437908172607422,0.5491724,0.0,9.3359308
0.0009279251098632812,0.5447196960449219,0.0,0.8629851999999999,10.0420096
0.0009264945983886719,0.545647382736206,-0.1569064,-1.8828768,10.277369199999999
0.0009267330169677734,0.5465750694274902,1.6475172,-2.5889556,9.022118
0.0009264945983886719,0.5475082397460938,0.392266,0.0,9.1790244
0.0009291172027587891,0.548438549041748,0.0,0.0,9.9635564
0.00092315673828125,0.5493626594543457,0.3138128,0.6276256,8.8652116
0.0009243488311767578,0.5502879619598389,0.3138128,-0.3138128,10.3558224
0.0009410381317138672,0.5512330532073975,0.0,0.9414384,8.7867584
0.0009262561798095703,0.5521605014801025,-0.2353596,-1.1767979999999998,11.6110736
0.0009286403656005859,0.5530900955200195,-0.2353596,-1.7259703999999998,9.649743599999999
0.0009267330169677734,0.5540177822113037,0.0,-0.5491724,8.9436648
0.0009264945983886719,0.5549454689025879,-0.8629851999999999,-2.1966896,11.2188076
0.0009267330169677734,0.5558733940124512,0.2353596,-1.8828768,10.277369199999999
0.0009267330169677734,0.5568010807037354,-0.0784532,1.1767979999999998,10.0420096
0.000926971435546875,0.5577290058135986,-0.8629851999999999,2.1182364,10.1204628
0.0009264945983886719,0.5586564540863037,-0.0784532,0.6276256,10.591182
0.0009267330169677734,0.559584379196167,-0.0784532,1.0983448,9.571290399999999
0.0009267330169677734,0.5605120658874512,0.0,0.0,9.9635564
0.000926971435546875,0.5614399909973145,-0.784532,0.6276256,8.629852
0.0009262561798095703,0.5623672008514404,-0.392266,0.0,9.8851032
0.0009264945983886719,0.5632946491241455,0.8629851999999999,-1.2552512,8.7083052
0.0009267330169677734,0.5642225742340088,0.6276256,-0.9414384,10.6696352
0.0009264945983886719,0.565150260925293,1.1767979999999998,2.5105024,8.5513988
0.0009264945983886719,0.566077709197998,-0.5491724,0.3138128,10.3558224
0.0009264945983886719,0.5670051574707031,0.9414384,-0.1569064,9.8851032
0.0009267330169677734,0.5679328441619873,0.2353596,1.1767979999999998,8.7867584
0.0009279251098632812,0.5688621997833252,0.0,-1.8044235999999998,11.2188076
0.00092315673828125,0.5697863101959229,0.2353596,0.0784532,8.7867584
0.0009238719940185547,0.5707111358642578,0.5491724,-1.6475172,10.6696352
0.0009253025054931641,0.5716423988342285,0.0,-2.5105024,8.7083052
0.0009264945983886719,0.5725698471069336,0.9414384,-1.0983448,8.7867584
0.0009274482727050781,0.5734984874725342,0.0784532,0.0,10.8265416
0.000926971435546875,0.5744266510009766,-0.784532,2.4320492,9.492837199999999
0.0009264945983886719,0.5753540992736816,-0.7060788,-0.1569064,10.3558224
0.000926971435546875,0.5762820243835449,0.3138128,0.1569064,9.3359308
0.0009257793426513672,0.5772089958190918,-0.1569064,0.784532,10.0420096
0.0009257793426513672,0.5781359672546387,-0.4707192,-1.0198916,10.3558224
0.0009257793426513672,0.5790629386901855,-0.392266,-0.5491724,9.022118
0.000926971435546875,0.5799911022186279,0.0,-1.0983448,9.9635564
0.0009267330169677734,0.5809187889099121,0.8629851999999999,-0.6276256,9.649743599999999
0.000926971435546875,0.5818467140197754,0.0,1.4121576,10.6696352
0.0009264945983886719,0.5827744007110596,-0.6276256,1.2552512,9.2574776
0.000926971435546875,0.5837023258209229,1.0983448,1.1767979999999998,9.649743599999999
0.0009264945983886719,0.584630012512207,0.3138128,0.5491724,9.2574776
0.0009264945983886719,0.5855574607849121,0.4707192,0.0,9.649743599999999
0.0009262561798095703,0.5864846706390381,0.0,-0.0784532,9.9635564
0.000926971435546875,0.5874128341674805,0.9414384,-1.0198916,10.591182
0.0009279251098632812,0.5883419513702393,1.0983448,-1.0983448,8.8652116
0.0009241104125976562,0.5892667770385742,0.1569064,-2.3535959999999996,10.6696352
0.0009241104125976562,0.5901918411254883,0.0,1.3337044,9.2574776
0.0009238719940185547,0.5911169052124023,0.0,0.0784532,10.0420096
0.0009236335754394531,0.5920414924621582,0.0,0.0784532,9.9635564
0.0009324550628662109,0.5929749011993408,0.0,0.0,9.9635564
0.0009276866912841797,0.5939035415649414,-0.7060788,-1.0198916,11.532620399999999
0.0009312629699707031,0.5948359966278076,-0.1569064,0.6276256,8.0806796
0.0009279251098632812,0.5957651138305664,-0.0784532,-3.138128,11.532620399999999
0.0009274482727050781,0.5966935157775879,-0.7060788,-0.392266,8.9436648
0.0009274482727050781,0.5976219177246094,0.8629851999999999,-2.4320492,10.9049948
0.000926971435546875,0.5985500812530518,-0.784532,0.8629851999999999,9.7281968
0.0009264945983886719,0.5994775295257568,-0.4707192,2.0397832,9.649743599999999
0.000926971435546875,0.600405216217041,-1.0198916,0.0,9.414383999999998
0.000926971435546875,0.6013336181640625,0.9414384,0.5491724,9.022118
0.0009267330169677734,0.6022615432739258,0.0,0.0,10.5127288
0.0009267330169677734,0.6031889915466309,-0.2353596,1.2552512,8.316039199999999
0.0009267330169677734,0.604116678237915,0.7060788,-1.0198916,9.7281968
0.0009267330169677734,0.6050446033477783,0.3138128,-3.2165812,9.9635564
0.000926971435546875,0.6059725284576416,1.8044235999999998,0.5491724,8.9436648
0.000926971435546875,0.606900691986084,-0.5491724,0.4707192,9.7281968
0.0009267330169677734,0.6078288555145264,0.3138128,0.6276256,9.649743599999999
0.0009274482727050781,0.6087572574615479,0.4707192,0.6276256,9.8851032
0.0009238719940185547,0.6096820831298828,0.5491724,0.0,9.9635564
0.0009233951568603516,0.6106066703796387,0.0,-1.2552512,9.1790244
0.0009236335754394531,0.6115312576293945,0.0,-0.6276256,8.9436648
0.0009255409240722656,0.6124577522277832,0.4707192,-1.569064,8.7867584
0.0009276866912841797,0.6133863925933838,-0.2353596,-2.4320492,10.198916
0.0009264945983886719,0.614314079284668,0.0,-1.7259703999999998,9.8851032
0.0009272098541259766,0.6152422428131104,0.3138128,0.6276256,10.198916
0.000926971435546875,0.6161701679229736,0.2353596,1.1767979999999998,10.0420096
0.0009274482727050781,0.6170985698699951,-1.0983448,0.392266,9.649743599999999
0.0009264945983886719,0.6180262565612793,-0.0784532,0.6276256,9.649743599999999
0.0009272098541259766,0.6189594268798828,1.1767979999999998,0.2353596,9.1005712
0.0009264945983886719,0.6198868751525879,-0.8629851999999999,1.0198916,9.7281968
0.0009267330169677734,0.6208145618438721,-0.7060788,-1.569064,10.9049948
0.0009264945983886719,0.6217420101165771,0.2353596,-0.0784532,9.1005712
0.0009260177612304688,0.622668981552124,0.4707192,-0.8629851999999999,10.9049948
0.0009260177612304688,0.6235966682434082,0.3138128,2.1966896,9.1790244
0.0009255409240722656,0.6245231628417969,0.0,2.1182364,9.414383999999998
0.0009303092956542969,0.6254549026489258,0.4707192,-0.6276256,11.1403544
0.0009279251098632812,0.6263942718505859,0.1569064,2.4320492,7.5315072
0.000926971435546875,0.6273224353790283,0.0,-2.0397832,11.2188076
0.0009264945983886719,0.6282498836517334,0.3138128,0.3138128,9.022118
0.0009329319000244141,0.6291837692260742,0.7060788,-0.392266,9.7281968
0.000926971435546875,0.6301119327545166,0.2353596,-3.2165812,10.6696352
0.000926971435546875,0.6310398578643799,0.6276256,-0.6276256,8.7083052
0.0009267330169677734,0.6319675445556641,1.0198916,-0.0784532,10.6696352
0.0009276866912841797,0.6328961849212646,-0.4707192,0.0784532,10.591182
0.0009272098541259766,0.633824348449707,-0.7060788,0.5491724,10.198916
0.0009262561798095703,0.634751558303833,-0.6276256,-0.3138128,10.9049948
0.0009295940399169922,0.6356821060180664,-0.0784532,0.0,10.277369199999999
0.000926971435546875,0.6366105079650879,-0.0784532,0.0,9.022118
0.0009267330169677734,0.6375384330749512,-1.8828768,-2.5105024,11.6895268
0.0009267330169677734,0.6384661197662354,-0.1569064,-0.3138128,8.316039199999999
0.0009267330169677734,0.6393938064575195,0.8629851999999999,-1.3337044,10.8265416
0.0009267330169677734,0.6403217315673828,0.0,2.5105024,9.3359308
0.0009276866912841797,0.6412503719329834,-1.2552512,2.1966896,10.277369199999999
0.0009272098541259766,0.6421864032745361,-0.784532,0.2353596,9.9635564
0.0009279251098632812,0.643115758895874,1.2552512,0.6276256,8.7867584
0.0009272098541259766,0.6440441608428955,-0.784532,0.2353596,10.591182
0.0009272098541259766,0.644972562789917,0.9414384,0.3138128,8.8652116
0.0009267330169677734,0.6459002494812012,0.7060788,-1.0198916,10.6696352
0.000926971435546875,0.6468284130096436,0.1569064,-2.7458620000000002,10.277369199999999
0.0009260177612304688,0.6477556228637695,1.0983448,0.1569064,8.0022264
0.000926971435546875,0.6486835479736328,0.9414384,0.9414384,9.9635564
0.0009262561798095703,0.6496109962463379,0.0,1.1767979999999998,9.9635564
0.000926971435546875,0.6505391597747803,0.3138128,-0.6276256,10.591182
0.0009260177612304688,0.6514663696289062,0.8629851999999999,0.5491724,9.414383999999998
0.0009274482727050781,0.6523950099945068,-0.4707192,-1.0198916,10.591182
0.0009262561798095703,0.6533222198486328,0.4707192,-1.0983448,9.649743599999999
0.0009264945983886719,0.6542496681213379,0.0784532,-0.7060788,9.8851032
0.0009267330169677734,0.655177116394043,-0.5491724,-2.5889556,10.591182
0.000926971435546875,0.6561052799224854,1.1767979999999998,-1.4121576,10.6696352
0.000926971435546875,0.6570332050323486,0.0,1.3337044,9.7281968
0.0009272098541259766,0.657961368560791,-1.1767979999999998,0.9414384,9.492837199999999
0.0009264945983886719,0.6588890552520752,-0.392266,0.4707192,9.3359308
0.0009267330169677734,0.6598167419433594,0.0,0.784532,9.8851032
0.0009276866912841797,0.66074538230896,-0.4707192,0.0,11.2972608
0.0009260177612304688,0.661672830581665,-0.0784532,0.9414384,8.7867584
0.0009274482727050781,0.6626012325286865,-0.8629851999999999,-0.8629851999999999,10.277369199999999
0.0009274482727050781,0.663529634475708,0.6276256,-0.9414384,8.394492399999999
0.0009274482727050781,0.6644580364227295,0.8629851999999999,-1.0198916,9.9635564
0.0009267330169677734,0.6653857231140137,0.5491724,1.8828768,9.3359308
0.0009279251098632812,0.6663200855255127,0.5491724,1.2552512,9.022118
0.0009267330169677734,0.6672477722167969,0.0,0.0,10.8265416
0.0009267330169677734,0.6681759357452393,0.784532,0.784532,8.0806796
0.000926971435546875,0.6691038608551025,0.2353596,-0.2353596,11.2972608
0.0009267330169677734,0.6700315475463867,0.3138128,-0.784532,9.9635564
0.000926971435546875,0.6709599494934082,0.7060788,-1.8044235999999998,9.1005712
0.0009274482727050781,0.6718883514404297,0.4707192,-3.0596748,10.277369199999999
0.0009272098541259766,0.6728169918060303,-0.7060788,0.0,9.8851032
0.0009267330169677734,0.6737444400787354,0.6276256,-0.2353596,9.80665
0.0009272098541259766,0.6746726036071777,0.0,1.8044235999999998,10.3558224
0.0009264945983886719,0.6756000518798828,-1.2552512,0.4707192,10.4342756
0.0009276866912841797,0.6765289306640625,0.9414384,-0.8629851999999999,10.591182
0.0009267330169677734,0.6774566173553467,-0.2353596,0.8629851999999999,9.1790244
0.000926971435546875,0.67838454246521,-0.6276256,-0.784532,9.80665
0.0009274482727050781,0.6793131828308105,-1.1767979999999998,-1.6475172,9.80665
0.0009276866912841797,0.6802418231964111,0.0,-0.4707192,9.022118
0.0009276866912841797,0.6811707019805908,0.8629851999999999,-0.4707192,10.591182
0.000926971435546875,0.6820986270904541,-1.0983448,2.4320492,10.0420096
0.000926971435546875,0.6830270290374756,-0.3138128,1.7259703999999998,10.0420096
0.0009267330169677734,0.6839544773101807,0.2353596,1.1767979999999998,9.414383999999998
0.000926971435546875,0.684882402420044,0.3138128,0.8629851999999999,9.3359308
0.0009264945983886719,0.685809850692749,0.392266,-0.1569064,9.492837199999999
0.0009272098541259766,0.6867380142211914,0.0,0.0,10.1204628
0.000926971435546875,0.6876659393310547,0.6276256,-1.8828768,10.1204628
0.0009276866912841797,0.6885948181152344,0.784532,-1.96133,9.414383999999998
0.0009307861328125,0.6895265579223633,1.3337044,0.0,9.3359308
0.0009281635284423828,0.6904559135437012,1.2552512,-0.8629851999999999,10.277369199999999
0.0009264945983886719,0.6913833618164062,-0.2353596,1.1767979999999998,9.2574776
0.0009272098541259766,0.6923117637634277,0.1569064,-0.4707192,11.2188076
0.0009267330169677734,0.6932392120361328,-0.392266,-0.784532,9.571290399999999
0.0009262561798095703,0.694166898727417,0.2353596,-0.4707192,9.8851032
0.000926971435546875,0.6950948238372803,-0.4707192,-1.0198916,10.4342756
0.000926971435546875,0.6960229873657227,-0.0784532,-1.2552512,9.022118
0.0009417533874511719,0.6969656944274902,0.5491724,-2.0397832,10.6696352
0.0009276866912841797,0.6978943347930908,0.8629851999999999,-0.4707192,8.9436648
0.000926971435546875,0.6988224983215332,-0.6276256,1.0198916,10.9049948
0.0009264945983886719,0.6997499465942383,-0.0784532,2.3535959999999996,9.3359308
0.0009274482727050781,0.7006785869598389,-0.4707192,0.2353596,10.5127288
0.0009260177612304688,0.7016055583953857,1.0983448,1.0198916,8.7867584
0.0009267330169677734,0.7025337219238281,-0.1569064,-0.392266,11.061901200000001
0.000926971435546875,0.7034616470336914,-0.4707192,0.6276256,8.394492399999999
0.0009274482727050781,0.7043900489807129,0.0,-1.4121576,9.7281968
0.0009260177612304688,0.705317497253418,0.5491724,-1.0983448,8.4729456
0.0009267330169677734,0.7062451839447021,0.8629851999999999,0.0,11.846433199999998
0.0009317398071289062,0.7071802616119385,0.4707192,2.5105024,7.7668668
0.0009279251098632812,0.7081096172332764,-0.392266,0.0784532,10.6696352
0.0009267330169677734,0.7090373039245605,0.0,0.0,9.7281968
0.0009267330169677734,0.7099649906158447,1.4121576,0.6276256,8.8652116
0.0009264945983886719,0.7108924388885498,0.0,-0.784532,10.983448000000001
0.000926971435546875,0.7118206024169922,0.2353596,0.0,9.3359308
0.0009276866912841797,0.7127492427825928,1.1767979999999998,-0.7060788,9.571290399999999
0.0009272098541259766,0.7136828899383545,-0.7060788,-1.96133,10.0420096
0.0009267330169677734,0.7146108150482178,0.0,-1.1767979999999998,9.9635564
0.0009267330169677734,0.715538740158081,0.0,0.2353596,10.0420096
0.0009267330169677734,0.7164664268493652,0.3138128,1.6475172,9.7281968
0.0009238719940185547,0.7173917293548584,-1.0198916,-0.8629851999999999,10.591182
0.0009243488311767578,0.7183170318603516,-0.6276256,0.2353596,9.9635564
0.0009243488311767578,0.7192423343658447,-0.6276256,-0.6276256,10.591182
0.0009236335754394531,0.7201669216156006,-1.0983448,-0.9414384,9.1790244
0.0009291172027587891,0.7210969924926758,-0.3138128,-1.2552512,9.3359308
0.0009272098541259766,0.7220253944396973,0.0,-0.8629851999999999,10.3558224
0.0009264945983886719,0.7229533195495605,1.4121576,-0.1569064,9.649743599999999
0.0009262561798095703,0.7238805294036865,-0.2353596,1.8044235999999998,10.6696352
0.0009274482727050781,0.724808931350708,-0.0784532,1.2552512,9.649743599999999
0.0009260177612304688,0.7257359027862549,0.8629851999999999,1.8044235999999998,9.1005712
0.0009267330169677734,0.7266635894775391,0.6276256,0.0,9.9635564
0.0009267330169677734,0.7275917530059814,-0.7060788,0.0,10.0420096
0.0009276866912841797,0.728520393371582,0.3138128,-1.0198916,9.571290399999999
0.0009267330169677734,0.7294483184814453,0.8629851999999999,-0.7060788,10.1204628
0.0009272098541259766,0.7303762435913086,0.1569064,-2.5105024,9.3359308
0.0009264945983886719,0.7313036918640137,1.0983448,-1.3337044,9.7281968
0.0009260177612304688,0.7322306632995605,0.0784532,1.4906107999999998,9.492837199999999
0.0009267330169677734,0.7331583499908447,0.0,0.0,11.2188076
0.0009274482727050781,0.7340867519378662,-0.392266,0.6276256,9.414383999999998
0.0009272098541259766,0.7350146770477295,0.0,-1.569064,10.198916
0.0009264945983886719,0.7359421253204346,0.1569064,-0.5491724,9.2574776
0.0009334087371826172,0.7368767261505127,-0.9414384,-1.4906107999999998,10.591182
0.0009279251098632812,0.7378058433532715,-0.4707192,-2.3535959999999996,10.591182
0.0009274482727050781,0.738734245300293,-0.1569064,-0.6276256,10.0420096
0.0009272098541259766,0.7396628856658936,0.2353596,-1.0198916,9.9635564
0.0009272098541259766,0.7405910491943359,-0.5491724,0.2353596,9.7281968
0.0009264945983886719,0.741518497467041,0.5491724,2.9812215999999996,9.414383999999998
0.0009262561798095703,0.7424461841583252,-1.3337044,0.0784532,10.3558224
0.0009267330169677734,0.7433738708496094,0.3138128,0.0,9.1790244
0.0009272098541259766,0.7443020343780518,0.8629851999999999,0.9414384,9.649743599999999
0.0009262561798095703,0.7452292442321777,-1.0198916,1.0983448,9.571290399999999
0.0009267330169677734,0.746157169342041,0.3138128,-0.6276256,9.80665
0.0009272098541259766,0.7470853328704834,0.5491724,-2.5889556,10.6696352
0.0009260177612304688,0.7480123043060303,1.569064,1.8828768,8.5513988
0.000926971435546875,0.7489402294158936,0.5491724,1.0983448,9.7281968
0.0009245872497558594,0.7498657703399658,0.3138128,-0.1569064,11.2188076
0.0009233951568603516,0.7507898807525635,0.0,1.2552512,9.3359308
0.0009238719940185547,0.7517149448394775,0.4707192,-1.0983448,10.591182
0.0009293556213378906,0.7526454925537109,-0.392266,-1.3337044,9.1790244
0.0009310245513916016,0.753577470779419,0.0,-0.784532,10.8265416
0.0009281635284423828,0.7545065879821777,0.8629851999999999,-1.569064,8.7083052
0.0009281635284423828,0.7554359436035156,0.0,-2.1182364,10.277369199999999
0.0009279251098632812,0.7563650608062744,0.0784532,-0.9414384,9.649743599999999
0.0009262561798095703,0.7572922706604004,0.1569064,1.4906107999999998,10.6696352
0.0009272098541259766,0.7582206726074219,-0.6276256,0.0,10.277369199999999
0.0009267330169677734,0.759148359298706,-0.7060788,1.2552512,8.9436648
0.0009267330169677734,0.7600760459899902,0.0,0.0,9.9635564
0.0009279251098632812,0.7610106468200684,0.1569064,-0.9414384,10.277369199999999
0.0009322166442871094,0.7619438171386719,-0.7060788,1.0983448,9.414383999999998
0.000934600830078125,0.7628798484802246,-0.392266,-1.2552512,9.571290399999999
0.0009303092956542969,0.7638113498687744,0.3138128,-0.784532,8.7867584
0.0009310245513916016,0.7647430896759033,0.4707192,0.4707192,10.591182
0.0009257793426513672,0.7656702995300293,-0.7060788,1.4906107999999998,10.4342756
0.0009284019470214844,0.7665998935699463,0.1569064,1.3337044,8.394492399999999
0.0009276866912841797,0.7675285339355469,0.2353596,0.0784532,11.2972608
0.0009281635284423828,0.7684576511383057,0.4707192,1.8828768,8.0806796
0.0009260177612304688,0.7693848609924316,-0.392266,-1.96133,11.924886399999998
0.0009272098541259766,0.7703132629394531,0.3138128,-1.2552512,10.0420096
0.000926971435546875,0.7712411880493164,1.1767979999999998,-0.7060788,8.9436648
0.0009272098541259766,0.7721691131591797,0.3138128,-3.2165812,10.591182
0.0009264945983886719,0.7730967998504639,0.0,-0.4707192,9.2574776
0.0009274482727050781,0.7740252017974854,0.9414384,1.3337044,10.0420096
0.0009272098541259766,0.7749533653259277,-0.8629851999999999,0.0,10.591182
0.000926971435546875,0.775881290435791,-0.392266,-0.1569064,9.1790244
0.0009276866912841797,0.7768099308013916,0.5491724,-0.0784532,10.3558224
0.0009238719940185547,0.7777347564697266,0.0,0.0,10.591182
0.0009236335754394531,0.7786593437194824,-0.6276256,-0.6276256,10.277369199999999
0.0009238719940185547,0.7795841693878174,-0.6276256,-1.8828768,10.277369199999999
0.0009267330169677734,0.7805120944976807,0.784532,-0.4707192,9.1790244
0.0009284019470214844,0.7814414501190186,0.392266,-1.0198916,10.983448000000001
0.000926971435546875,0.7823696136474609,0.2353596,2.1966896,9.1790244
0.0009267330169677734,0.7832973003387451,-0.7060788,1.8044235999999998,10.0420096
0.0009472370147705078,0.784245491027832,0.0,-0.9414384,9.492837199999999
0.0009288787841796875,0.7851753234863281,0.784532,1.8044235999999998,8.4729456
0.0009274482727050781,0.7861037254333496,-0.9414384,0.0,11.1403544
0.000926971435546875,0.787031888961792,-0.0784532,-0.3138128,8.7867584
0.000926971435546875,0.7879598140716553,1.0983448,-0.7060788,10.198916
0.0009274482727050781,0.7888882160186768,0.6276256,-2.3535959999999996,11.061901200000001
0.0009257793426513672,0.7898154258728027,0.9414384,1.1767979999999998,8.4729456
0.0009267330169677734,0.7907431125640869,0.0,0.0,11.2188076
0.0009267330169677734,0.7916707992553711,0.0,0.9414384,8.394492399999999
0.0009274482727050781,0.7925992012023926,0.4707192,0.0,10.983448000000001
0.0009238719940185547,0.7935240268707275,0.392266,-2.4320492,10.277369199999999
0.0009281635284423828,0.7944531440734863,-1.0198916,-0.6276256,8.7083052
0.0009286403656005859,0.7953832149505615,0.3138128,-0.9414384,9.8851032
0.0009281635284423828,0.7963128089904785,-0.3138128,-1.96133,11.061901200000001
0.0009255409240722656,0.7972390651702881,-0.7060788,-1.3337044,9.3359308
0.0009272098541259766,0.7981672286987305,0.1569064,-1.4906107999999998,10.9049948
0.0009274482727050781,0.799095630645752,0.1569064,2.6674088,9.022118
0.0009443759918212891,0.8000414371490479,-1.4121576,0.2353596,11.2188076
0.0009298324584960938,0.8009819984436035,-0.3138128,0.0,9.492837199999999
0.0009267330169677734,0.8019096851348877,0.2353596,0.2353596,10.1204628
0.0009272098541259766,0.8028380870819092,-0.392266,0.0,10.277369199999999
0.0009267330169677734,0.8037657737731934,-1.0198916,0.0,9.7281968
0.0009274482727050781,0.8046941757202148,-0.5491724,-1.6475172,9.649743599999999
0.00092315673828125,0.8056185245513916,0.0,-1.8828768,8.8652116
0.0009236335754394531,0.8065431118011475,0.7060788,0.8629851999999999,10.0420096
0.0009236335754394531,0.8074676990509033,0.4707192,1.1767979999999998,9.414383999999998
0.0009274482727050781,0.8084011077880859,0.0784532,1.0198916,9.649743599999999
0.0009276866912841797,0.8093297481536865,0.5491724,0.0,9.80665
0.000926971435546875,0.8102579116821289,1.1767979999999998,0.2353596,8.7867584
0.0009272098541259766,0.8111865520477295,-0.6276256,-0.784532,11.532620399999999
0.0009267330169677734,0.8121142387390137,0.6276256,-0.0784532,9.571290399999999
0.0009274482727050781,0.8130428791046143,0.4707192,-2.2751428,9.9635564
0.0009264945983886719,0.8139703273773193,0.0,-2.8243152,9.414383999999998
0.0009267330169677734,0.8148982524871826,0.0,0.0,9.571290399999999
0.0009267330169677734,0.8158259391784668,0.6276256,0.3138128,9.649743599999999
0.0009274482727050781,0.8167543411254883,-0.784532,0.1569064,10.0420096
0.0009260177612304688,0.8176817893981934,0.2353596,0.0,9.414383999999998
0.0009267330169677734,0.8186097145080566,0.0,0.0,11.061901200000001
0.0009264945983886719,0.8195371627807617,-0.0784532,-0.1569064,9.414383999999998
0.0009274482727050781,0.8204655647277832,-1.3337044,-1.3337044,9.9635564
0.0009226799011230469,0.8213896751403809,-0.6276256,-1.2552512,9.649743599999999
0.0009243488311767578,0.822314977645874,0.0,-1.6475172,9.9635564
0.0009243488311767578,0.8232402801513672,0.6276256,0.1569064,10.0420096
0.0009243488311767578,0.8241655826568604,-0.392266,2.3535959999999996,9.414383999999998
0.0009293556213378906,0.8250958919525146,-0.0784532,1.8828768,9.1005712
0.000926971435546875,0.826024055480957,0.0,0.3138128,9.022118
0.0009264945983886719,0.8269515037536621,0.6276256,0.9414384,8.7867584
0.0009303092956542969,0.8278827667236328,-0.6276256,-1.0198916,10.277369199999999
0.0009300708770751953,0.8288137912750244,0.1569064,-1.4121576,11.1403544
0.0009250640869140625,0.829740047454834,0.9414384,-1.1767979999999998,8.7083052
0.0009272098541259766,0.8306682109832764,0.4707192,-1.569064,10.7480884
0.0009264945983886719,0.8316023349761963,0.784532,0.392266,9.022118
0.0009288787841796875,0.8325324058532715,0.3138128,0.0,10.3558224
0.0009257793426513672,0.8334593772888184,0.6276256,0.1569064,9.3359308
0.0009260177612304688,0.8343865871429443,0.2353596,0.9414384,9.8851032
0.0009262561798095703,0.8353142738342285,0.0,-1.0198916,11.2188076
0.000926971435546875,0.8362421989440918,-0.3138128,-0.6276256,10.0420096
0.0009255409240722656,0.8371684551239014,-0.2353596,-1.0198916,10.5127288
0.0009233951568603516,0.8380928039550781,0.3138128,-1.0983448,9.9635564
0.0009243488311767578,0.8390183448791504,0.3138128,-2.5105024,11.2188076
0.0009233951568603516,0.8399426937103271,0.6276256,0.6276256,9.492837199999999
0.0009264945983886719,0.8408703804016113,-0.2353596,1.8828768,9.649743599999999
0.0009274482727050781,0.8417990207672119,-0.3138128,1.4906107999999998,9.9635564
0.0009274482727050781,0.8427274227142334,-0.9414384,-0.3138128,9.80665
0.0009267330169677734,0.8436551094055176,0.0784532,0.9414384,9.492837199999999
0.0009274482727050781,0.8445835113525391,0.0,0.2353596,10.8265416
0.0009255409240722656,0.8455102443695068,-0.9414384,0.0,9.7281968
0.0009264945983886719,0.8464376926422119,0.1569064,-0.9414384,8.316039199999999
0.0009272098541259766,0.8473656177520752,0.8629851999999999,-1.3337044,9.7281968
0.0009274482727050781,0.8482942581176758,1.2552512,0.1569064,10.591182
0.0009262561798095703,0.8492214679718018,0.8629851999999999,2.5105024,8.237585999999999
0.0009272098541259766,0.8501496315002441,0.0,-0.392266,10.983448000000001
0.000926971435546875,0.8510770797729492,1.1767979999999998,1.569064,7.217694399999999
0.0009264945983886719,0.8520047664642334,0.0,-0.7060788,11.2972608
0.0009274482727050781,0.852933406829834,-0.6276256,-0.8629851999999999,9.492837199999999
0.0009229183197021484,0.8538570404052734,0.0784532,-1.96133,9.7281968
0.0009243488311767578,0.8547821044921875,1.2552512,-2.0397832,10.1204628
0.0009279251098632812,0.8557167053222656,-1.0198916,-2.5105024,10.6696352
0.0009295940399169922,0.856647253036499,0.5491724,-1.0983448,10.0420096
0.0009255409240722656,0.8575739860534668,0.0,1.4906107999999998,9.9635564
0.0009264945983886719,0.8585014343261719,0.5491724,0.9414384,10.0420096
0.0009272098541259766,0.8594295978546143,-0.7060788,-0.7060788,10.0420096
0.0009272098541259766,0.8603579998016357,0.0,0.0784532,9.3359308
0.000926971435546875,0.861285924911499,-0.8629851999999999,0.392266,9.414383999999998
0.0009264945983886719,0.8622133731842041,-0.9414384,-0.6276256,9.9635564
0.0009264945983886719,0.8631408214569092,0.392266,0.3138128,8.7867584
0.000926971435546875,0.8640689849853516,0.0,-1.4906107999999998,11.061901200000001
0.0009257793426513672,0.8649959564208984,0.5491724,1.4906107999999998,9.1790244
0.0009241104125976562,0.8659210205078125,-0.3138128,1.4121576,10.0420096
0.0009243488311767578,0.8668465614318848,-0.3138128,1.2552512,10.8265416
0.0009236335754394531,0.8677711486816406,0.9414384,0.9414384,8.394492399999999
0.000926971435546875,0.8686995506286621,1.0983448,-0.0784532,8.7867584
0.000926971435546875,0.8696277141571045,-1.0198916,0.5491724,10.3558224
0.000926971435546875,0.8705556392669678,0.3138128,-1.2552512,10.4342756
0.0009267330169677734,0.871483325958252,1.1767979999999998,-0.7060788,9.571290399999999
0.0009279251098632812,0.8724122047424316,0.2353596,-2.6674088,9.649743599999999
0.0009260177612304688,0.8733391761779785,0.0,-0.392266,8.7867584
0.0009264945983886719,0.8742666244506836,0.0,1.8828768,10.0420096
0.0009264945983886719,0.8751943111419678,0.7060788,-0.1569064,10.0420096
0.0009267330169677734,0.8761217594146729,-0.3138128,0.0,8.7867584
0.000926971435546875,0.8770499229431152,0.9414384,-0.3138128,10.591182
0.0009264945983886719,0.8779773712158203,-1.1767979999999998,0.0,9.649743599999999
0.0009324550628662109,0.8789107799530029,-0.0784532,-1.8828768,10.8265416
0.0009279251098632812,0.8798396587371826,-0.0784532,-1.3337044,8.8652116
0.0009274482727050781,0.8807682991027832,-0.5491724,-1.6475172,11.2188076
0.0009236335754394531,0.8816928863525391,-0.1569064,0.0,9.022118
0.0009236335754394531,0.882617712020874,-0.1569064,0.6276256,10.0420096
0.0009233951568603516,0.8835422992706299,0.6276256,2.6674088,8.1591328
0.000926971435546875,0.8844702243804932,-0.1569064,0.7060788,9.1790244
0.0009274482727050781,0.8853988647460938,0.6276256,0.5491724,9.9635564
0.0009264945983886719,0.8863263130187988,0.0,0.2353596,10.0420096
0.0009279251098632812,0.8872556686401367,-1.0983448,-1.6475172,10.277369199999999
0.000926971435546875,0.88818359375,1.2552512,-0.784532,8.237585999999999
0.0009272098541259766,0.8891117572784424,0.7060788,-1.4121576,11.924886399999998
0.0009262561798095703,0.8900392055511475,0.2353596,1.7259703999999998,9.2574776
0.0009295940399169922,0.8909702301025391,0.392266,0.0,9.80665
0.0009272098541259766,0.8918986320495605,0.0,0.0,10.3558224
0.0009279251098632812,0.8928275108337402,-0.1569064,1.2552512,8.7083052
0.0009255409240722656,0.8937540054321289,1.0983448,-0.3138128,10.0420096
0.0009260177612304688,0.894681453704834,-0.9414384,-1.6475172,9.9635564
0.000926971435546875,0.8956093788146973,0.6276256,-0.9414384,10.0420096
0.0009272098541259766,0.8965375423431396,0.2353596,-1.3337044,9.571290399999999
0.000926971435546875,0.897465705871582,-0.2353596,-2.4320492,9.9635564
0.0009274482727050781,0.8983941078186035,-0.392266,0.0,10.6696352
0.0009264945983886719,0.8993215560913086,0.0,0.392266,10.983448000000001
0.000926971435546875,0.9002492427825928,-0.7060788,0.8629851999999999,8.7867584
0.0009245872497558594,0.9011750221252441,-0.6276256,-0.392266,9.8851032
0.0009236335754394531,0.9020993709564209,0.7060788,1.0198916,9.1790244
0.0009250640869140625,0.9030318260192871,-0.784532,-1.0983448,10.1204628
0.0009307861328125,0.9039742946624756,-0.392266,0.0,8.629852
0.0009286403656005859,0.9049067497253418,0.0,-0.0784532,9.414383999999998
0.0009276866912841797,0.9058356285095215,0.392266,-1.8828768,10.9049948
0.000926971435546875,0.9067637920379639,0.8629851999999999,1.4121576,10.0420096
0.000926971435546875,0.9076917171478271,-0.5491724,0.8629851999999999,10.3558224
0.0009276866912841797,0.9086203575134277,0.1569064,1.4906107999999998,8.394492399999999
0.0009260177612304688,0.9095473289489746,0.0784532,0.392266,9.9635564
0.0009267330169677734,0.9104752540588379,0.0,-0.3138128,8.5513988
0.0009272098541259766,0.9114034175872803,-0.3138128,-1.2552512,10.5127288
0.0009274482727050781,0.9123320579528809,0.6276256,-0.5491724,10.0420096
0.0009267330169677734,0.913259744644165,0.784532,-2.1182364,9.80665
0.0009272098541259766,0.9141881465911865,0.4707192,-1.7259703999999998,9.492837199999999
0.0009267330169677734,0.9151158332824707,0.0,0.0,10.591182
0.0009264945983886719,0.9160432815551758,0.9414384,1.0983448,10.0420096
0.0009260177612304688,0.9169702529907227,-0.392266,0.0784532,10.5127288
0.0009243488311767578,0.9178957939147949,-1.1767979999999998,-0.6276256,9.9635564
0.0009274482727050781,0.9188241958618164,-0.784532,-0.9414384,10.591182
0.0009293556213378906,0.9197545051574707,0.0,0.0,10.0420096
0.0009284019470214844,0.9206838607788086,-0.392266,-1.0198916,10.277369199999999
0.0009260177612304688,0.9216108322143555,-1.1767979999999998,-1.0198916,9.9635564
0.000926971435546875,0.9225387573242188,1.569064,-2.0397832,10.277369199999999
0.0009264945983886719,0.9234662055969238,-0.4707192,1.0983448,9.414383999999998
0.0009279251098632812,0.9243950843811035,-0.3138128,1.7259703999999998,10.5127288
0.0009264945983886719,0.9253225326538086,-0.7060788,1.8044235999999998,8.316039199999999
0.0009264945983886719,0.9262568950653076,0.784532,-0.9414384,9.649743599999999
0.0009272098541259766,0.92718505859375,0.1569064,1.2552512,8.237585999999999
0.0009274482727050781,0.9281136989593506,-0.8629851999999999,1.1767979999999998,9.8851032
0.0009255409240722656,0.9290401935577393,0.0,-0.6276256,10.9049948
